Workbook

Sheet IPL_2020_to_2025_Raw
A1: season | B1: player_name | C1: team | D1: team_abbr | E1: role | F1: matches | G1: innings | H1: runs | I1: HS | J1: bat_avg | K1: SR | L1: 4s | M1: 6s | N1: 50s | O1: 100s | P1: not_outs | Q1: wickets | R1: overs | S1: economy | T1: bowl_avg | U1: bowl_SR | V1: best_bowling | W1: catches | X1: nationality | Y1: Indian/Overseas | Z1: Highest Run Scorer | AA1: Highest Wicket Taker
A2: 2020 | B2: KL Rahul | C2: Kings XI Punjab | D2: KXIP | E2: WK-Batsman | F2: 14 | G2: 14 | H2: 670 | I2: 132* | J2: 55.83 | K2: 129.34 | L2: 66 | M2: 23 | N2: 5 | O2: 1 | P2: 2 | Q2: 0 | R2: 0 | S2: 0 | T2: 0 | U2: 0 | V2: 0/0 | W2: 7 | X2: Indian | Y2: =IF(X2="Indian","Indian","Overseas") -> Indian
A3: 2020 | B3: Shikhar Dhawan | C3: Delhi Capitals | D3: DC | E3: Batsman | F3: 16 | G3: 16 | H3: 618 | I3: 106* | J3: 44.14 | K3: 145.07 | L3: 68 | M3: 15 | N3: 8 | O3: 2 | P3: 2 | Q3: 0 | R3: 0 | S3: 0 | T3: 0 | U3: 0 | V3: 0/0 | W3: 10 | X3: Indian | Y3: =IF(X3="Indian","Indian","Overseas") -> Indian
A4: 2020 | B4: David Warner | C4: Sunrisers Hyderabad | D4: SRH | E4: Batsman | F4: 16 | G4: 16 | H4: 548 | I4: 85 | J4: 34.25 | K4: 134.97 | L4: 55 | M4: 21 | N4: 4 | O4: 0 | P4: 0 | Q4: 0 | R4: 0 | S4: 0 | T4: 0 | U4: 0 | V4: 0/0 | W4: 11 | X4: Australian | Y4: =IF(X4="Indian","Indian","Overseas") -> Overseas
A5: 2020 | B5: Quinton de Kock | C5: Mumbai Indians | D5: MI | E5: WK-Batsman | F5: 16 | G5: 16 | H5: 503 | I5: 78 | J5: 33.53 | K5: 140.5 | L5: 54 | M5: 18 | N5: 3 | O5: 0 | P5: 1 | Q5: 0 | R5: 0 | S5: 0 | T5: 0 | U5: 0 | V5: 0/0 | W5: 9 | X5: South African | Y5: =IF(X5="Indian","Indian","Overseas") -> Overseas
A6: 2020 | B6: Ishan Kishan | C6: Mumbai Indians | D6: MI | E6: WK-Batsman | F6: 14 | G6: 14 | H6: 516 | I6: 99 | J6: 43 | K6: 145.76 | L6: 44 | M6: 28 | N6: 3 | O6: 0 | P6: 2 | Q6: 0 | R6: 0 | S6: 0 | T6: 0 | U6: 0 | V6: 0/0 | W6: 7 | X6: Indian | Y6: =IF(X6="Indian","Indian","Overseas") -> Indian
A7: 2020 | B7: AB de Villiers | C7: Royal Challengers Bengaluru | D7: RCB | E7: WK-Batsman | F7: 15 | G7: 13 | H7: 454 | I7: 73 | J7: 56.75 | K7: 158.74 | L7: 33 | M7: 34 | N7: 4 | O7: 0 | P7: 6 | Q7: 0 | R7: 0 | S7: 0 | T7: 0 | U7: 0 | V7: 0/0 | W7: 9 | X7: South African | Y7: =IF(X7="Indian","Indian","Overseas") -> Overseas
A8: 2020 | B8: Mayank Agarwal | C8: Kings XI Punjab | D8: KXIP | E8: Batsman | F8: 14 | G8: 14 | H8: 424 | I8: 106 | J8: 34.28 | K8: 158.8 | L8: 38 | M8: 26 | N8: 3 | O8: 1 | P8: 0 | Q8: 0 | R8: 0 | S8: 0 | T8: 0 | U8: 0 | V8: 0/0 | W8: 6 | X8: Indian | Y8: =IF(X8="Indian","Indian","Overseas") -> Indian
A9: 2020 | B9: Faf du Plessis | C9: Chennai Super Kings | D9: CSK | E9: Batsman | F9: 13 | G9: 13 | H9: 449 | I9: 87* | J9: 41 | K9: 140.94 | L9: 40 | M9: 16 | N9: 5 | O9: 0 | P9: 3 | Q9: 0 | R9: 0 | S9: 0 | T9: 0 | U9: 0 | V9: 0/0 | W9: 8 | X9: South African | Y9: =IF(X9="Indian","Indian","Overseas") -> Overseas
A10: 2020 | B10: Rohit Sharma | C10: Mumbai Indians | D10: MI | E10: Batsman | F10: 12 | G10: 11 | H10: 332 | I10: 80 | J10: 36.89 | K10: 137.19 | L10: 31 | M10: 12 | N10: 2 | O10: 0 | P10: 1 | Q10: 0 | R10: 0 | S10: 0 | T10: 0 | U10: 0 | V10: 0/0 | W10: 5 | X10: Indian | Y10: =IF(X10="Indian","Indian","Overseas") -> Indian
A11: 2020 | B11: Sanju Samson | C11: Rajasthan Royals | D11: RR | E11: WK-Batsman | F11: 14 | G11: 14 | H11: 375 | I11: 85 | J11: 28.84 | K11: 147.64 | L11: 36 | M11: 18 | N11: 3 | O11: 0 | P11: 1 | Q11: 0 | R11: 0 | S11: 0 | T11: 0 | U11: 0 | V11: 0/0 | W11: 8 | X11: Indian | Y11: =IF(X11="Indian","Indian","Overseas") -> Indian
A12: 2020 | B12: Devdutt Padikkal | C12: Royal Challengers Bengaluru | D12: RCB | E12: Batsman | F12: 15 | G12: 15 | H12: 473 | I12: 74 | J12: 31.53 | K12: 124.8 | L12: 48 | M12: 12 | N12: 3 | O12: 0 | P12: 0 | Q12: 0 | R12: 0 | S12: 0 | T12: 0 | U12: 0 | V12: 0/0 | W12: 9 | X12: Indian | Y12: =IF(X12="Indian","Indian","Overseas") -> Indian
A13: 2020 | B13: Hardik Pandya | C13: Mumbai Indians | D13: MI | E13: All-Rounder | F13: 15 | G13: 11 | H13: 281 | I13: 60* | J13: 35.12 | K13: 178.34 | L13: 20 | M13: 22 | N13: 1 | O13: 0 | P13: 5 | Q13: 17 | R13: 38 | S13: 9.12 | T13: 28.47 | U13: 19.41 | V13: 3/14 | W13: 7 | X13: Indian | Y13: =IF(X13="Indian","Indian","Overseas") -> Indian
A14: 2020 | B14: Kieron Pollard | C14: Mumbai Indians | D14: MI | E14: All-Rounder | F14: 16 | G14: 14 | H14: 268 | I14: 60* | J14: 29.78 | K14: 191.43 | L14: 13 | M14: 28 | N14: 0 | O14: 0 | P14: 8 | Q14: 0 | R14: 4 | S14: 8.75 | T14: 0 | U14: 0 | V14: 0/0 | W14: 7 | X14: West Indian | Y14: =IF(X14="Indian","Indian","Overseas") -> Overseas
A15: 2020 | B15: Jasprit Bumrah | C15: Mumbai Indians | D15: MI | E15: Bowler | F15: 15 | G15: 2 | H15: 4 | I15: 3 | J15: 2 | K15: 80 | L15: 0 | M15: 0 | N15: 0 | O15: 0 | P15: 0 | Q15: 27 | R15: 58.1 | S15: 6.73 | T15: 14.59 | U15: 12.93 | V15: 4/14 | W15: 5 | X15: Indian | Y15: =IF(X15="Indian","Indian","Overseas") -> Indian
A16: 2020 | B16: Kagiso Rabada | C16: Delhi Capitals | D16: DC | E16: Bowler | F16: 17 | G16: 3 | H16: 18 | I16: 11 | J16: 9 | K16: 100 | L16: 2 | M16: 0 | N16: 0 | O16: 0 | P16: 0 | Q16: 30 | R16: 64 | S16: 8.34 | T16: 16.73 | U16: 12.8 | V16: 4/24 | W16: 3 | X16: South African | Y16: =IF(X16="Indian","Indian","Overseas") -> Overseas
A17: 2020 | B17: Trent Boult | C17: Mumbai Indians | D17: MI | E17: Bowler | F17: 15 | G17: 1 | H17: 3 | I17: 3 | J17: 3 | K17: 75 | L17: 0 | M17: 0 | N17: 0 | O17: 0 | P17: 0 | Q17: 25 | R17: 57.3 | S17: 7.97 | T17: 18.16 | U17: 13.8 | V17: 3/21 | W17: 3 | X17: New Zealand | Y17: =IF(X17="Indian","Indian","Overseas") -> Overseas
A18: 2020 | B18: Anrich Nortje | C18: Delhi Capitals | D18: DC | E18: Bowler | F18: 16 | G18: 1 | H18: 3 | I18: 3 | J18: 3 | K18: 75 | L18: 0 | M18: 0 | N18: 0 | O18: 0 | P18: 0 | Q18: 22 | R18: 58 | S18: 8.37 | T18: 19.54 | U18: 15.81 | V18: 3/21 | W18: 2 | X18: South African | Y18: =IF(X18="Indian","Indian","Overseas") -> Overseas
A19: 2020 | B19: Yuzvendra Chahal | C19: Royal Challengers Bengaluru | D19: RCB | E19: Bowler | F19: 15 | G19: 1 | H19: 2 | I19: 2 | J19: 2 | K19: 66.67 | L19: 0 | M19: 0 | N19: 0 | O19: 0 | P19: 0 | Q19: 21 | R19: 58 | S19: 8.02 | T19: 22.09 | U19: 16.57 | V19: 3/18 | W19: 9 | X19: Indian | Y19: =IF(X19="Indian","Indian","Overseas") -> Indian
A20: 2020 | B20: Rashid Khan | C20: Sunrisers Hyderabad | D20: SRH | E20: Bowler | F20: 16 | G20: 4 | H20: 22 | I20: 18 | J20: 5.5 | K20: 115.79 | L20: 2 | M20: 0 | N20: 0 | O20: 0 | P20: 0 | Q20: 20 | R20: 60 | S20: 5.37 | T20: 16.1 | U20: 18 | V20: 2/14 | W20: 12 | X20: Afghan | Y20: =IF(X20="Indian","Indian","Overseas") -> Overseas
A21: 2020 | B21: Mohammed Shami | C21: Kings XI Punjab | D21: KXIP | E21: Bowler | F21: 14 | G21: 1 | H21: 4 | I21: 4 | J21: 4 | K21: 80 | L21: 0 | M21: 0 | N21: 0 | O21: 0 | P21: 0 | Q21: 20 | R21: 54 | S21: 8.56 | T21: 23.15 | U21: 16.2 | V21: 3/15 | W21: 2 | X21: Indian | Y21: =IF(X21="Indian","Indian","Overseas") -> Indian
A22: 2020 | B22: Axar Patel | C22: Delhi Capitals | D22: DC | E22: All-Rounder | F22: 16 | G22: 8 | H22: 100 | I22: 42 | J22: 14.29 | K22: 114.94 | L22: 8 | M22: 2 | N22: 0 | O22: 0 | P22: 3 | Q22: 14 | R22: 54.5 | S22: 6.41 | T22: 22.21 | U22: 23.5 | V22: 3/22 | W22: 8 | X22: Indian | Y22: =IF(X22="Indian","Indian","Overseas") -> Indian
A23: 2020 | B23: Suresh Raina | C23: Chennai Super Kings | D23: CSK | E23: Batsman | F23: 0 | G23: 0 | H23: N/A | I23: N/A | J23: N/A | K23: N/A | L23: N/A | M23: N/A | N23: N/A | O23: N/A | P23: N/A | Q23: 0 | R23: 0 | S23: 0 | T23: 0 | U23: 0 | V23: 0/0 | W23: 0 | X23: Indian | Y23: =IF(X23="Indian","Indian","Overseas") -> Indian
A24: 2020 | B24: Ben Stokes | C24: Rajasthan Royals | D24: RR | E24: All-Rounder | F24: 14 | G24: 14 | H24: 285 | I24: 107* | J24: 23.75 | K24: 128.83 | L24: 24 | M24: 12 | N24: 0 | O24: 1 | P24: 0 | Q24: 8 | R24: 36 | S24: 8.22 | T24: 35 | U24: 27 | V24: 2/20 | W24: 7 | X24: English | Y24: =IF(X24="Indian","Indian","Overseas") -> Overseas
A25: 2021 | B25: Ruturaj Gaikwad | C25: Chennai Super Kings | D25: CSK | E25: Batsman | F25: 16 | G25: 16 | H25: 635 | I25: 101* | J25: 45.35 | K25: 136.26 | L25: 60 | M25: 22 | N25: 4 | O25: 1 | P25: 3 | Q25: 0 | R25: 0 | S25: 0 | T25: 0 | U25: 0 | V25: 0/0 | W25: 8 | X25: Indian | Y25: =IF(X25="Indian","Indian","Overseas") -> Indian
A26: 2021 | B26: Faf du Plessis | C26: Chennai Super Kings | D26: CSK | E26: Batsman | F26: 16 | G26: 16 | H26: 633 | I26: 86 | J26: 44.5 | K26: 133.19 | L26: 64 | M26: 22 | N26: 6 | O26: 0 | P26: 2 | Q26: 0 | R26: 0 | S26: 0 | T26: 0 | U26: 0 | V26: 0/0 | W26: 10 | X26: South African | Y26: =IF(X26="Indian","Indian","Overseas") -> Overseas
A27: 2021 | B27: KL Rahul | C27: Punjab Kings | D27: PBKS | E27: WK-Batsman | F27: 13 | G27: 13 | H27: 626 | I27: 91 | J27: 52.17 | K27: 136.75 | L27: 48 | M27: 22 | N27: 6 | O27: 0 | P27: 3 | Q27: 0 | R27: 0 | S27: 0 | T27: 0 | U27: 0 | V27: 0/0 | W27: 9 | X27: Indian | Y27: =IF(X27="Indian","Indian","Overseas") -> Indian
A28: 2021 | B28: Shikhar Dhawan | C28: Delhi Capitals | D28: DC | E28: Batsman | F28: 16 | G28: 16 | H28: 587 | I28: 92 | J28: 46.15 | K28: 122.37 | L28: 68 | M28: 10 | N28: 7 | O28: 0 | P28: 3 | Q28: 0 | R28: 0 | S28: 0 | T28: 0 | U28: 0 | V28: 0/0 | W28: 11 | X28: Indian | Y28: =IF(X28="Indian","Indian","Overseas") -> Indian
A29: 2021 | B29: Glenn Maxwell | C29: Royal Challengers Bengaluru | D29: RCB | E29: All-Rounder | F29: 15 | G29: 15 | H29: 513 | I29: 78 | J29: 36.64 | K29: 144.38 | L29: 36 | M29: 30 | N29: 5 | O29: 0 | P29: 1 | Q29: 3 | R29: 12 | S29: 8.08 | T29: 32.33 | U29: 24 | V29: 1/14 | W29: 8 | X29: Australian | Y29: =IF(X29="Indian","Indian","Overseas") -> Overseas
A30: 2021 | B30: Suryakumar Yadav | C30: Mumbai Indians | D30: MI | E30: Batsman | F30: 14 | G30: 14 | H30: 479 | I30: 82 | J30: 41.65 | K30: 162.71 | L30: 42 | M30: 26 | N30: 4 | O30: 0 | P30: 3 | Q30: 0 | R30: 0 | S30: 0 | T30: 0 | U30: 0 | V30: 0/0 | W30: 7 | X30: Indian | Y30: =IF(X30="Indian","Indian","Overseas") -> Indian
A31: 2021 | B31: Rituraj Gaikwad | C31: Chennai Super Kings | D31: CSK | E31: Batsman | F31: 1 | G31: 1 | H31: 12 | I31: 12 | J31: 12 | K31: 100 | L31: 1 | M31: 0 | N31: 0 | O31: 0 | P31: 0 | Q31: 0 | R31: 0 | S31: 0 | T31: 0 | U31: 0 | V31: 0/0 | W31: 0 | X31: Indian | Y31: =IF(X31="Indian","Indian","Overseas") -> Indian
A32: 2021 | B32: Sanju Samson | C32: Rajasthan Royals | D32: RR | E32: WK-Batsman | F32: 14 | G32: 14 | H32: 484 | I32: 119 | J32: 37.23 | K32: 145.63 | L32: 42 | M32: 22 | N32: 3 | O32: 1 | P32: 1 | Q32: 0 | R32: 0 | S32: 0 | T32: 0 | U32: 0 | V32: 0/0 | W32: 10 | X32: Indian | Y32: =IF(X32="Indian","Indian","Overseas") -> Indian
A33: 2021 | B33: David Warner | C33: Sunrisers Hyderabad | D33: SRH | E33: Batsman | F33: 8 | G33: 8 | H33: 195 | I33: 57 | J33: 27.86 | K33: 104.28 | L33: 20 | M33: 6 | N33: 1 | O33: 0 | P33: 1 | Q33: 0 | R33: 0 | S33: 0 | T33: 0 | U33: 0 | V33: 0/0 | W33: 4 | X33: Australian | Y33: =IF(X33="Indian","Indian","Overseas") -> Overseas
A34: 2021 | B34: Virat Kohli | C34: Royal Challengers Bengaluru | D34: RCB | E34: Batsman | F34: 15 | G34: 15 | H34: 405 | I34: 72 | J34: 29.3 | K34: 119.12 | L34: 40 | M34: 8 | N34: 3 | O34: 0 | P34: 2 | Q34: 0 | R34: 0 | S34: 0 | T34: 0 | U34: 0 | V34: 0/0 | W34: 11 | X34: Indian | Y34: =IF(X34="Indian","Indian","Overseas") -> Indian
A35: 2021 | B35: Harshal Patel | C35: Royal Challengers Bengaluru | D35: RCB | E35: Bowler | F35: 15 | G35: 4 | H35: 54 | I35: 23 | J35: 13.5 | K35: 124.41 | L35: 3 | M35: 3 | N35: 0 | O35: 0 | P35: 0 | Q35: 32 | R35: 57 | S35: 8.14 | T35: 14.34 | U35: 10.68 | V35: 5/27 | W35: 5 | X35: Indian | Y35: =IF(X35="Indian","Indian","Overseas") -> Indian
A36: 2021 | B36: Avesh Khan | C36: Delhi Capitals | D36: DC | E36: Bowler | F36: 16 | G36: 1 | H36: 3 | I36: 3 | J36: 3 | K36: 75 | L36: 0 | M36: 0 | N36: 0 | O36: 0 | P36: 0 | Q36: 24 | R36: 58 | S36: 7.37 | T36: 18.16 | U36: 14.5 | V36: 4/24 | W36: 2 | X36: Indian | Y36: =IF(X36="Indian","Indian","Overseas") -> Indian
A37: 2021 | B37: Jasprit Bumrah | C37: Mumbai Indians | D37: MI | E37: Bowler | F37: 15 | G37: 1 | H37: 5 | I37: 5 | J37: 5 | K37: 100 | L37: 0 | M37: 0 | N37: 0 | O37: 0 | P37: 0 | Q37: 21 | R37: 57.4 | S37: 7.42 | T37: 20.09 | U37: 16.47 | V37: 4/18 | W37: 3 | X37: Indian | Y37: =IF(X37="Indian","Indian","Overseas") -> Indian
... A43: 2021 | B43: Sunil Narine | C43: Kolkata Knight Riders | D43: KKR | E43: All-Rounder | F43: 16 | G43: 11 | H43: 164 | I43: 47 | J43: 18.22 | K43: 163.16 | L43: 12 | M43: 14 | N43: 0 | O43: 0 | P43: 2 | Q43: 21 | R43: 60 | S43: 6.22 | T43: 17.28 | U43: 17.14 | V43: 4/21 | W43: 10 | X43: West Indian | Y43: =IF(X43="Indian","Indian","Overseas") -> Overseas
A44: 2021 | B44: MS Dhoni | C44: Chennai Super Kings | D44: CSK | E44: WK-Batsman | F44: 16 | G44: 7 | H44: 114 | I44: 18* | J44: 38 | K44: 131.03 | L44: 6 | M44: 8 | N44: 0 | O44: 0 | P44: 7 | Q44: 0 | R44: 0 | S44: 0 | T44: 0 | U44: 0 | V44: 0/0 | W44: 9 | X44: Indian | Y44: =IF(X44="Indian","Indian","Overseas") -> Indian
A45: 2021 | B45: Devdutt Padikkal | C45: Royal Challengers Bengaluru | D45: RCB | E45: Batsman | F45: 14 | G45: 14 | H45: 392 | I45: 101 | J45: 30.15 | K45: 129.37 | L45: 40 | M45: 10 | N45: 1 | O45: 1 | P45: 1 | Q45: 0 | R45: 0 | S45: 0 | T45: 0 | U45: 0 | V45: 0/0 | W45: 6 | X45: Indian | Y45: =IF(X45="Indian","Indian","Overseas") -> Indian
A46: 2021 | B46: Venkatesh Iyer | C46: Kolkata Knight Riders | D46: KKR | E46: All-Rounder | F46: 10 | G46: 10 | H46: 370 | I46: 67 | J46: 41.11 | K46: 143.97 | L46: 34 | M46: 16 | N46: 3 | O46: 0 | P46: 2 | Q46: 4 | R46: 14 | S46: 9.21 | T46: 32.25 | U46: 21 | V46: 2/20 | W46: 5 | X46: Indian | Y46: =IF(X46="Indian","Indian","Overseas") -> Indian
A47: 2022 | B47: Jos Buttler | C47: Rajasthan Royals | D47: RR | E47: WK-Batsman | F47: 17 | G47: 17 | H47: 863 | I47: 116 | J47: 57.53 | K47: 149.05 | L47: 83 | M47: 45 | N47: 4 | O47: 4 | P47: 3 | Q47: 0 | R47: 0 | S47: 0 | T47: 0 | U47: 0 | V47: 0/0 | W47: 11 | X47: English | Y47: =IF(X47="Indian","Indian","Overseas") -> Overseas
A48: 2022 | B48: KL Rahul | C48: Lucknow Super Giants | D48: LSG | E48: WK-Batsman | F48: 15 | G48: 15 | H48: 616 | I48: 103* | J48: 51.33 | K48: 135.68 | L48: 60 | M48: 18 | N48: 4 | O48: 2 | P48: 3 | Q48: 0 | R48: 0 | S48: 0 | T48: 0 | U48: 0 | V48: 0/0 | W48: 9 | X48: Indian | Y48: =IF(X48="Indian","Indian","Overseas") -> Indian
A49: 2022 | B49: Quinton de Kock | C49: Lucknow Super Giants | D49: LSG | E49: WK-Batsman | F49: 16 | G49: 16 | H49: 508 | I49: 140* | J49: 33.87 | K49: 153.77 | L49: 44 | M49: 24 | N49: 3 | O49: 1 | P49: 1 | Q49: 0 | R49: 0 | S49: 0 | T49: 0 | U49: 0 | V49: 0/0 | W49: 12 | X49: South African | Y49: =IF(X49="Indian","Indian","Overseas") -> Overseas
A50: 2022 | B50: Hardik Pandya | C50: Gujarat Titans | D50: GT | E50: All-Rounder | F50: 15 | G50: 13 | H50: 487 | I50: 87* | J50: 44.27 | K50: 131.27 | L50: 34 | M50: 28 | N50: 3 | O50: 0 | P50: 5 | Q50: 8 | R50: 30 | S50: 9.56 | T50: 35.75 | U50: 22.5 | V50: 3/17 | W50: 7 | X50: Indian | Y50: =IF(X50="Indian","Indian","Overseas") -> Indian
A51: 2022 | B51: Shubman Gill | C51: Gujarat Titans | D51: GT | E51: Batsman | F51: 16 | G51: 16 | H51: 483 | I51: 96* | J51: 35.07 | K51: 133.97 | L51: 44 | M51: 12 | N51: 4 | O51: 0 | P51: 3 | Q51: 0 | R51: 0 | S51: 0 | T51: 0 | U51: 0 | V51: 0/0 | W51: 10 | X51: Indian | Y51: =IF(X51="Indian","Indian","Overseas") -> Indian
A52: 2022 | B52: Shreyas Iyer | C52: Kolkata Knight Riders | D52: KKR | E52: Batsman | F52: 14 | G52: 14 | H52: 401 | I52: 85 | J52: 34.18 | K52: 139.65 | L52: 34 | M52: 14 | N52: 3 | O52: 0 | P52: 2 | Q52: 0 | R52: 0 | S52: 0 | T52: 0 | U52: 0 | V52: 0/0 | W52: 6 | X52: Indian | Y52: =IF(X52="Indian","Indian","Overseas") -> Indian
A53: 2022 | B53: David Miller | C53: Gujarat Titans | D53: GT | E53: Batsman | F53: 16 | G53: 12 | H53: 481 | I53: 94* | J53: 68.71 | K53: 142.47 | L53: 36 | M53: 24 | N53: 4 | O53: 0 | P53: 6 | Q53: 0 | R53: 0 | S53: 0 | T53: 0 | U53: 0 | V53: 0/0 | W53: 5 | X53: South African | Y53: =IF(X53="Indian","Indian","Overseas") -> Overseas
A54: 2022 | B54: Liam Livingstone | C54: Punjab Kings | D54: PBKS | E54: All-Rounder | F54: 14 | G54: 14 | H54: 437 | I54: 117* | J54: 33.61 | K54: 182.43 | L54: 34 | M54: 30 | N54: 2 | O54: 1 | P54: 0 | Q54: 5 | R54: 20 | S54: 10.45 | T54: 41.8 | U54: 24 | V54: 2/28 | W54: 5 | X54: English | Y54: =IF(X54="Indian","Indian","Overseas") -> Overseas
A55: 2022 | B55: Dinesh Karthik | C55: Royal Challengers Bengaluru | D55: RCB | E55: WK-Batsman | F55: 16 | G55: 10 | H55: 330 | I55: 66* | J55: 66 | K55: 183.33 | L55: 18 | M55: 28 | N55: 3 | O55: 0 | P55: 7 | Q55: 0 | R55: 0 | S55: 0 | T55: 0 | U55: 0 | V55: 0/0 | W55: 12 | X55: Indian | Y55: =IF(X55="Indian","Indian","Overseas") -> Indian
A56: 2022 | B56: Faf du Plessis | C56: Royal Challengers Bengaluru | D56: RCB | E56: Batsman | F56: 16 | G56: 16 | H56: 468 | I56: 96 | J56: 31.2 | K56: 143.11 | L56: 50 | M56: 18 | N56: 4 | O56: 0 | P56: 1 | Q56: 0 | R56: 0 | S56: 0 | T56: 0 | U56: 0 | V56: 0/0 | W56: 9 | X56: South African | Y56: =IF(X56="Indian","Indian","Overseas") -> Overseas
A57: 2022 | B57: Yuzvendra Chahal | C57: Rajasthan Royals | D57: RR | E57: Bowler | F57: 17 | G57: 3 | H57: 18 | I57: 12 | J57: 6 | K57: 90 | L57: 0 | M57: 1 | N57: 0 | O57: 0 | P57: 0 | Q57: 27 | R57: 66 | S57: 7.75 | T57: 19.11 | U57: 14.66 | V57: 5/40 | W57: 11 | X57: Indian | Y57: =IF(X57="Indian","Indian","Overseas") -> Indian
A58: 2022 | B58: Wanindu Hasaranga | C58: Royal Challengers Bengaluru | D58: RCB | E58: All-Rounder | F58: 16 | G58: 10 | H58: 154 | I58: 37 | J58: 17.11 | K58: 135.08 | L58: 12 | M58: 8 | N58: 0 | O58: 0 | P58: 1 | Q58: 26 | R58: 60 | S58: 7.54 | T58: 17.23 | U58: 13.84 | V58: 4/20 | W58: 9 | X58: Sri Lankan | Y58: =IF(X58="Indian","Indian","Overseas") -> Overseas
A59: 2022 | B59: Kagiso Rabada | C59: Punjab Kings | D59: PBKS | E59: Bowler | F59: 13 | G59: 2 | H59: 12 | I59: 8 | J59: 6 | K59: 80 | L59: 0 | M59: 0 | N59: 0 | O59: 0 | P59: 0 | Q59: 23 | R59: 50 | S59: 9.33 | T59: 20.3 | U59: 13.04 | V59: 4/33 | W59: 3 | X59: South African | Y59: =IF(X59="Indian","Indian","Overseas") -> Overseas
A60: 2022 | B60: Umran Malik | C60: Sunrisers Hyderabad | D60: SRH | E60: Bowler | F60: 14 | G60: 1 | H60: 4 | I60: 4 | J60: 4 | K60: 80 | L60: 0 | M60: 0 | N60: 0 | O60: 0 | P60: 0 | Q60: 22 | R60: 52 | S60: 9 | T60: 21.27 | U60: 14.18 | V60: 5/25 | W60: 2 | X60: Indian | Y60: =IF(X60="Indian","Indian","Overseas") -> Indian
A61: 2022 | B61: Kuldeep Yadav | C61: Delhi Capitals | D61: DC | E61: Bowler | F61: 14 | G61: 2 | H61: 6 | I61: 4 | J61: 3 | K61: 75 | L61: 0 | M61: 0 | N61: 0 | O61: 0 | P61: 0 | Q61: 21 | R61: 56 | S61: 8.08 | T61: 21.52 | U61: 16 | V61: 4/14 | W61: 8 | X61: Indian | Y61: =IF(X61="Indian","Indian","Overseas") -> Indian
A62: 2022 | B62: Mohammed Shami | C62: Gujarat Titans | D62: GT | E62: Bowler | F62: 14 | G62: 1 | H62: 4 | I62: 4 | J62: 4 | K62: 80 | L62: 0 | M62: 0 | N62: 0 | O62: 0 | P62: 0 | Q62: 20 | R62: 56 | S62: 8.4 | T62: 23.52 | U62: 16.8 | V62: 4/22 | W62: 3 | X62: Indian | Y62: =IF(X62="Indian","Indian","Overseas") -> Indian
A63: 2022 | B63: Suryakumar Yadav | C63: Mumbai Indians | D63: MI | E63: Batsman | F63: 12 | G63: 12 | H63: 303 | I63: 68 | J63: 27.54 | K63: 168.88 | L63: 26 | M63: 20 | N63: 2 | O63: 0 | P63: 1 | Q63: 0 | R63: 0 | S63: 0 | T63: 0 | U63: 0 | V63: 0/0 | W63: 5 | X63: Indian | Y63: =IF(X63="Indian","Indian","Overseas") -> Indian
A64: 2022 | B64: Tilak Varma | C64: Mumbai Indians | D64: MI | E64: Batsman | F64: 14 | G64: 14 | H64: 397 | I64: 84* | J64: 44.11 | K64: 133.22 | L64: 36 | M64: 12 | N64: 4 | O64: 0 | P64: 5 | Q64: 0 | R64: 0 | S64: 0 | T64: 0 | U64: 0 | V64: 0/0 | W64: 4 | X64: Indian | Y64: =IF(X64="Indian","Indian","Overseas") -> Indian
A65: 2022 | B65: Rajat Patidar | C65: Royal Challengers Bengaluru | D65: RCB | E65: Batsman | F65: 8 | G65: 8 | H65: 333 | I65: 112* | J65: 47.57 | K65: 152.97 | L65: 34 | M65: 20 | N65: 1 | O65: 1 | P65: 3 | Q65: 0 | R65: 0 | S65: 0 | T65: 0 | U65: 0 | V65: 0/0 | W65: 4 | X65: Indian | Y65: =IF(X65="Indian","Indian","Overseas") -> Indian
A66: 2022 | B66: Rashid Khan | C66: Gujarat Titans | D66: GT | E66: Bowler | F66: 17 | G66: 8 | H66: 90 | I66: 34 | J66: 15 | K66: 134.32 | L66: 8 | M66: 6 | N66: 0 | O66: 0 | P66: 1 | Q66: 19 | R66: 68 | S66: 6.98 | T66: 24.42 | U66: 21.47 | V66: 3/22 | W66: 12 | X66: Afghan | Y66: =IF(X66="Indian","Indian","Overseas") -> Overseas
A67: 2023 | B67: Shubman Gill | C67: Gujarat Titans | D67: GT | E67: Batsman | F67: 17 | G67: 17 | H67: 890 | I67: 129 | J67: 59.33 | K67: 157.7 | L67: 80 | M67: 38 | N67: 4 | O67: 3 | P67: 2 | Q67: 0 | R67: 0 | S67: 0 | T67: 0 | U67: 0 | V67: 0/0 | W67: 13 | X67: Indian | Y67: =IF(X67="Indian","Indian","Overseas") -> Indian
A68: 2023 | B68: Faf du Plessis | C68: Royal Challengers Bengaluru | D68: RCB | E68: Batsman | F68: 14 | G68: 14 | H68: 730 | I68: 84 | J68: 58.4 | K68: 157.24 | L68: 68 | M68: 34 | N68: 7 | O68: 0 | P68: 3 | Q68: 0 | R68: 0 | S68: 0 | T68: 0 | U68: 0 | V68: 0/0 | W68: 11 | X68: South African | Y68: =IF(X68="Indian","Indian","Overseas") -> Overseas
A69: 2023 | B69: Devon Conway | C69: Chennai Super Kings | D69: CSK | E69: WK-Batsman | F69: 16 | G69: 16 | H69: 672 | I69: 92 | J69: 48 | K69: 138.55 | L69: 64 | M69: 18 | N69: 6 | O69: 0 | P69: 2 | Q69: 0 | R69: 0 | S69: 0 | T69: 0 | U69: 0 | V69: 0/0 | W69: 13 | X69: New Zealand | Y69: =IF(X69="Indian","Indian","Overseas") -> Overseas
A70: 2023 | B70: Virat Kohli | C70: Royal Challengers Bengaluru | D70: RCB | E70: Batsman | F70: 14 | G70: 14 | H70: 639 | I70: 100 | J70: 48.03 | K70: 139.78 | L70: 62 | M70: 22 | N70: 6 | O70: 1 | P70: 1 | Q70: 0 | R70: 0 | S70: 0 | T70: 0 | U70: 0 | V70: 0/0 | W70: 12 | X70: Indian | Y70: =IF(X70="Indian","Indian","Overseas") -> Indian
A71: 2023 | B71: Yashasvi Jaiswal | C71: Rajasthan Royals | D71: RR | E71: Batsman | F71: 14 | G71: 14 | H71: 625 | I71: 124 | J71: 47.07 | K71: 163.61 | L71: 62 | M71: 30 | N71: 5 | O71: 1 | P71: 2 | Q71: 0 | R71: 0 | S71: 0 | T71: 0 | U71: 0 | V71: 0/0 | W71: 6 | X71: Indian | Y71: =IF(X71="Indian","Indian","Overseas") -> Indian
A72: 2023 | B72: Suryakumar Yadav | C72: Mumbai Indians | D72: MI | E72: Batsman | F72: 16 | G72: 15 | H72: 605 | I72: 105 | J72: 55 | K72: 185.89 | L72: 48 | M72: 40 | N72: 4 | O72: 1 | P72: 4 | Q72: 0 | R72: 0 | S72: 0 | T72: 0 | U72: 0 | V72: 0/0 | W72: 9 | X72: Indian | Y72: =IF(X72="Indian","Indian","Overseas") -> Indian
A73: 2023 | B73: Ruturaj Gaikwad | C73: Chennai Super Kings | D73: CSK | E73: Batsman | F73: 14 | G73: 14 | H73: 590 | I73: 92 | J73: 44.23 | K73: 144.25 | L73: 56 | M73: 20 | N73: 5 | O73: 0 | P73: 1 | Q73: 0 | R73: 0 | S73: 0 | T73: 0 | U73: 0 | V73: 0/0 | W73: 8 | X73: Indian | Y73: =IF(X73="Indian","Indian","Overseas") -> Indian
A74: 2023 | B74: Heinrich Klaasen | C74: Sunrisers Hyderabad | D74: SRH | E74: WK-Batsman | F74: 15 | G74: 14 | H74: 574 | I74: 104 | J74: 47.83 | K74: 183.92 | L74: 38 | M74: 38 | N74: 4 | O74: 1 | P74: 2 | Q74: 0 | R74: 0 | S74: 0 | T74: 0 | U74: 0 | V74: 0/0 | W74: 11 | X74: South African | Y74: =IF(X74="Indian","Indian","Overseas") -> Overseas
A75: 2023 | B75: Mohammed Shami | C75: Gujarat Titans | D75: GT | E75: Bowler | F75: 17 | G75: 2 | H75: 8 | I75: 6 | J75: 4 | K75: 80 | L75: 0 | M75: 0 | N75: 0 | O75: 0 | P75: 0 | Q75: 28 | R75: 65 | S75: 8.03 | T75: 19 | U75: 13.92 | V75: 4/17 | W75: 3 | X75: Indian | Y75: =IF(X75="Indian","Indian","Overseas") -> Indian
A76: 2023 | B76: Rashid Khan | C76: Gujarat Titans | D76: GT | E76: Bowler | F76: 17 | G76: 8 | H76: 88 | I76: 32 | J76: 14.67 | K76: 138.46 | L76: 6 | M76: 6 | N76: 0 | O76: 0 | P76: 1 | Q76: 27 | R76: 68 | S76: 8.43 | T76: 21.59 | U76: 15.11 | V76: 4/24 | W76: 14 | X76: Afghan | Y76: =IF(X76="Indian","Indian","Overseas") -> Overseas
A77: 2023 | B77: Mohit Sharma | C77: Gujarat Titans | D77: GT | E77: Bowler | F77: 17 | G77: 1 | H77: 3 | I77: 3 | J77: 3 | K77: 75 | L77: 0 | M77: 0 | N77: 0 | O77: 0 | P77: 0 | Q77: 27 | R77: 66 | S77: 8.17 | T77: 18.96 | U77: 14.66 | V77: 3/19 | W77: 2 | X77: Indian | Y77: =IF(X77="Indian","Indian","Overseas") -> Indian
A78: 2023 | B78: Piyush Chawla | C78: Mumbai Indians | D78: MI | E78: Bowler | F78: 16 | G78: 1 | H78: 2 | I78: 2 | J78: 2 | K78: 66.67 | L78: 0 | M78: 0 | N78: 0 | O78: 0 | P78: 0 | Q78: 22 | R78: 60 | S78: 8.55 | T78: 23.27 | U78: 16.36 | V78: 3/14 | W78: 6 | X78: Indian | Y78: =IF(X78="Indian","Indian","Overseas") -> Indian
A79: 2023 | B79: Yuzvendra Chahal | C79: Rajasthan Royals | D79: RR | E79: Bowler | F79: 17 | G79: 2 | H79: 8 | I79: 6 | J79: 4 | K79: 80 | L79: 0 | M79: 0 | N79: 0 | O79: 0 | P79: 0 | Q79: 21 | R79: 64 | S79: 8.2 | T79: 24.95 | U79: 18.28 | V79: 3/15 | W79: 9 | X79: Indian | Y79: =IF(X79="Indian","Indian","Overseas") -> Indian
A80: 2023 | B80: Varun Chakravarthy | C80: Kolkata Knight Riders | D80: KKR | E80: Bowler | F80: 14 | G80: 1 | H80: 4 | I80: 4 | J80: 4 | K80: 80 | L80: 0 | M80: 0 | N80: 0 | O80: 0 | P80: 0 | Q80: 20 | R80: 56 | S80: 8 | T80: 22.4 | U80: 16.8 | V80: 4/28 | W80: 7 | X80: Indian | Y80: =IF(X80="Indian","Indian","Overseas") -> Indian
A81: 2023 | B81: Tushar Deshpande | C81: Chennai Super Kings | D81: CSK | E81: Bowler | F81: 16 | G81: 1 | H81: 2 | I81: 2 | J81: 2 | K81: 66.67 | L81: 0 | M81: 0 | N81: 0 | O81: 0 | P81: 0 | Q81: 21 | R81: 60 | S81: 9.12 | T81: 26 | U81: 17.14 | V81: 4/33 | W81: 2 | X81: Indian | Y81: =IF(X81="Indian","Indian","Overseas") -> Indian
A82: 2023 | B82: Ravindra Jadeja | C82: Chennai Super Kings | D82: CSK | E82: All-Rounder | F82: 14 | G82: 11 | H82: 210 | I82: 50 | J82: 26.25 | K82: 135.48 | L82: 18 | M82: 10 | N82: 1 | O82: 0 | P82: 2 | Q82: 20 | R82: 56 | S82: 7.86 | T82: 21.95 | U82: 16.8 | V82: 3/18 | W82: 9 | X82: Indian | Y82: =IF(X82="Indian","Indian","Overseas") -> Indian
A83: 2023 | B83: Rinku Singh | C83: Kolkata Knight Riders | D83: KKR | E83: Batsman | F83: 14 | G83: 10 | H83: 474 | I83: 67* | J83: 67.71 | K83: 149.52 | L83: 34 | M83: 28 | N83: 4 | O83: 0 | P83: 7 | Q83: 0 | R83: 0 | S83: 0 | T83: 0 | U83: 0 | V83: 0/0 | W83: 5 | X83: Indian | Y83: =IF(X83="Indian","Indian","Overseas") -> Indian
A84: 2023 | B84: Cameron Green | C84: Mumbai Indians | D84: MI | E84: All-Rounder | F84: 14 | G84: 14 | H84: 452 | I84: 100* | J84: 36.86 | K84: 160.42 | L84: 36 | M84: 28 | N84: 2 | O84: 1 | P84: 1 | Q84: 4 | R84: 16 | S84: 10.12 | T84: 40.5 | U84: 24 | V84: 1/22 | W84: 8 | X84: Australian | Y84: =IF(X84="Indian","Indian","Overseas") -> Overseas
A85: 2023 | B85: Harry Brook | C85: Sunrisers Hyderabad | D85: SRH | E85: Batsman | F85: 12 | G85: 12 | H85: 388 | I85: 100* | J85: 35.27 | K85: 162.34 | L85: 34 | M85: 22 | N85: 2 | O85: 1 | P85: 1 | Q85: 0 | R85: 0 | S85: 0 | T85: 0 | U85: 0 | V85: 0/0 | W85: 5 | X85: English | Y85: =IF(X85="Indian","Indian","Overseas") -> Overseas
A86: 2023 | B86: Hardik Pandya | C86: Mumbai Indians | D86: MI | E86: All-Rounder | F86: 12 | G86: 11 | H86: 266 | I86: 57 | J86: 24.18 | K86: 145.35 | L86: 18 | M86: 18 | N86: 1 | O86: 0 | P86: 2 | Q86: 12 | R86: 40 | S86: 8.75 | T86: 29.16 | U86: 20 | V86: 2/22 | W86: 5 | X86: Indian | Y86: =IF(X86="Indian","Indian","Overseas") -> Indian
A87: 2024 | B87: Virat Kohli | C87: Royal Challengers Bengaluru | D87: RCB | E87: Batsman | F87: 15 | G87: 15 | H87: 741 | I87: 113* | J87: 61.75 | K87: 154.69 | L87: 72 | M87: 20 | N87: 6 | O87: 1 | P87: 3 | Q87: 0 | R87: 0 | S87: 0 | T87: 0 | U87: 0 | V87: 0/0 | W87: 14 | X87: Indian | Y87: =IF(X87="Indian","Indian","Overseas") -> Indian
A88: 2024 | B88: Ruturaj Gaikwad | C88: Chennai Super Kings | D88: CSK | E88: Batsman | F88: 15 | G88: 15 | H88: 583 | I88: 98 | J88: 43.55 | K88: 141.11 | L88: 58 | M88: 16 | N88: 5 | O88: 0 | P88: 2 | Q88: 0 | R88: 0 | S88: 0 | T88: 0 | U88: 0 | V88: 0/0 | W88: 10 | X88: Indian | Y88: =IF(X88="Indian","Indian","Overseas") -> Indian
A89: 2024 | B89: Riyan Parag | C89: Rajasthan Royals | D89: RR | E89: All-Rounder | F89: 14 | G89: 14 | H89: 573 | I89: 84 | J89: 47.75 | K89: 149.6 | L89: 48 | M89: 26 | N89: 5 | O89: 0 | P89: 2 | Q89: 5 | R89: 18 | S89: 10.22 | T89: 36.8 | U89: 21.6 | V89: 2/22 | W89: 8 | X89: Indian | Y89: =IF(X89="Indian","Indian","Overseas") -> Indian
A90: 2024 | B90: Travis Head | C90: Sunrisers Hyderabad | D90: SRH | E90: Batsman | F90: 15 | G90: 15 | H90: 567 | I90: 102 | J90: 42 | K90: 191.55 | L90: 58 | M90: 32 | N90: 2 | O90: 1 | P90: 1 | Q90: 0 | R90: 0 | S90: 0 | T90: 0 | U90: 0 | V90: 0/0 | W90: 9 | X90: Australian | Y90: =IF(X90="Indian","Indian","Overseas") -> Overseas
A91: 2024 | B91: Sanju Samson | C91: Rajasthan Royals | D91: RR | E91: WK-Batsman | F91: 13 | G91: 12 | H91: 531 | I91: 86 | J91: 53.1 | K91: 160.6 | L91: 44 | M91: 30 | N91: 4 | O91: 0 | P91: 3 | Q91: 0 | R91: 0 | S91: 0 | T91: 0 | U91: 0 | V91: 0/0 | W91: 10 | X91: Indian | Y91: =IF(X91="Indian","Indian","Overseas") -> Indian
A92: 2024 | B92: Abhishek Sharma | C92: Sunrisers Hyderabad | D92: SRH | E92: All-Rounder | F92: 16 | G92: 16 | H92: 484 | I92: 101* | J92: 30.25 | K92: 204.21 | L92: 38 | M92: 42 | N92: 2 | O92: 1 | P92: 0 | Q92: 7 | R92: 24 | S92: 9.87 | T92: 33.85 | U92: 20.57 | V92: 2/22 | W92: 7 | X92: Indian | Y92: =IF(X92="Indian","Indian","Overseas") -> Indian
A93: 2024 | B93: Sunil Narine | C93: Kolkata Knight Riders | D93: KKR | E93: All-Rounder | F93: 15 | G93: 14 | H93: 488 | I93: 109 | J93: 44.36 | K93: 180.44 | L93: 40 | M93: 32 | N93: 4 | O93: 1 | P93: 2 | Q93: 17 | R93: 58 | S93: 6.9 | T93: 23.52 | U93: 20.47 | V93: 3/22 | W93: 12 | X93: West Indian | Y93: =IF(X93="Indian","Indian","Overseas") -> Overseas
A94: 2024 | B94: Jos Buttler | C94: Rajasthan Royals | D94: RR | E94: WK-Batsman | F94: 14 | G94: 14 | H94: 395 | I94: 85* | J94: 30.38 | K94: 148.68 | L94: 36 | M94: 18 | N94: 2 | O94: 0 | P94: 1 | Q94: 0 | R94: 0 | S94: 0 | T94: 0 | U94: 0 | V94: 0/0 | W94: 9 | X94: English | Y94: =IF(X94="Indian","Indian","Overseas") -> Overseas
A95: 2024 | B95: Shubman Gill | C95: Gujarat Titans | D95: GT | E95: Batsman | F95: 14 | G95: 14 | H95: 426 | I95: 104* | J95: 32.77 | K95: 153.57 | L95: 40 | M95: 16 | N95: 3 | O95: 1 | P95: 1 | Q95: 0 | R95: 0 | S95: 0 | T95: 0 | U95: 0 | V95: 0/0 | W95: 7 | X95: Indian | Y95: =IF(X95="Indian","Indian","Overseas") -> Indian
A96: 2024 | B96: Phil Salt | C96: Kolkata Knight Riders | D96: KKR | E96: WK-Batsman | F96: 13 | G96: 13 | H96: 435 | I96: 89* | J96: 38.27 | K96: 182.07 | L96: 42 | M96: 22 | N96: 3 | O96: 0 | P96: 2 | Q96: 0 | R96: 0 | S96: 0 | T96: 0 | U96: 0 | V96: 0/0 | W96: 9 | X96: English | Y96: =IF(X96="Indian","Indian","Overseas") -> Overseas
A97: 2024 | B97: Harshal Patel | C97: Punjab Kings | D97: PBKS | E97: Bowler | F97: 13 | G97: 2 | H97: 12 | I97: 8 | J97: 6 | K97: 80 | L97: 0 | M97: 0 | N97: 0 | O97: 0 | P97: 0 | Q97: 24 | R97: 50 | S97: 9.73 | T97: 20.33 | U97: 12.5 | V97: 3/28 | W97: 3 | X97: Indian | Y97: =IF(X97="Indian","Indian","Overseas") -> Indian
A98: 2024 | B98: Varun Chakravarthy | C98: Kolkata Knight Riders | D98: KKR | E98: Bowler | F98: 15 | G98: 1 | H98: 4 | I98: 4 | J98: 4 | K98: 80 | L98: 0 | M98: 0 | N98: 0 | O98: 0 | P98: 0 | Q98: 21 | R98: 58 | S98: 8.04 | T98: 22.19 | U98: 16.57 | V98: 3/22 | W98: 8 | X98: Indian | Y98: =IF(X98="Indian","Indian","Overseas") -> Indian
A99: 2024 | B99: Jasprit Bumrah | C99: Mumbai Indians | D99: MI | E99: Bowler | F99: 13 | G99: 1 | H99: 3 | I99: 3 | J99: 3 | K99: 75 | L99: 0 | M99: 0 | N99: 0 | O99: 0 | P99: 0 | Q99: 15 | R99: 52 | S99: 6.22 | T99: 21.6 | U99: 20.8 | V99: 3/14 | W99: 4 | X99: Indian | Y99: =IF(X99="Indian","Indian","Overseas") -> Indian
A100: 2024 | B100: Mitchell Starc | C100: Kolkata Knight Riders | D100: KKR | E100: Bowler | F100: 13 | G100: 2 | H100: 10 | I100: 8 | J100: 5 | K100: 100 | L100: 0 | M100: 0 | N100: 0 | O100: 0 | P100: 0 | Q100: 17 | R100: 52 | S100: 8.38 | T100: 25.64 | U100: 18.35 | V100: 3/22 | W100: 2 | X100: Australian | Y100: =IF(X100="Indian","Indian","Overseas") -> Overseas
A101: 2024 | B101: Andre Russell | C101: Kolkata Knight Riders | D101: KKR | E101: All-Rounder | F101: 15 | G101: 12 | H101: 222 | I101: 64* | J101: 27.75 | K101: 185 | L101: 12 | M101: 24 | N101: 0 | O101: 0 | P101: 4 | Q101: 19 | R101: 46 | S101: 10.25 | T101: 24.84 | U101: 14.52 | V101: 3/19 | W101: 7 | X101: West Indian | Y101: =IF(X101="Indian","Indian","Overseas") -> Overseas
A102: 2024 | B102: Kuldeep Yadav | C102: Delhi Capitals | D102: DC | E102: Bowler | F102: 13 | G102: 1 | H102: 4 | I102: 4 | J102: 4 | K102: 80 | L102: 0 | M102: 0 | N102: 0 | O102: 0 | P102: 0 | Q102: 19 | R102: 52 | S102: 8.6 | T102: 23.52 | U102: 16.42 | V102: 4/28 | W102: 7 | X102: Indian | Y102: =IF(X102="Indian","Indian","Overseas") -> Indian
A103: 2024 | B103: Mustafizur Rahman | C103: Chennai Super Kings | D103: CSK | E103: Bowler | F103: 13 | G103: 1 | H103: 3 | I103: 3 | J103: 3 | K103: 75 | L103: 0 | M103: 0 | N103: 0 | O103: 0 | P103: 0 | Q103: 17 | R103: 50 | S103: 8.58 | T103: 25.23 | U103: 17.64 | V103: 3/28 | W103: 2 | X103: Bangladeshi | Y103: =IF(X103="Indian","Indian","Overseas") -> Overseas
A104: 2024 | B104: Matheesha Pathirana | C104: Chennai Super Kings | D104: CSK | E104: Bowler | F104: 12 | G104: 1 | H104: 2 | I104: 2 | J104: 2 | K104: 66.67 | L104: 0 | M104: 0 | N104: 0 | O104: 0 | P104: 0 | Q104: 13 | R104: 44 | S104: 7.9 | T104: 26.76 | U104: 20.3 | V104: 3/32 | W104: 2 | X104: Sri Lankan | Y104: =IF(X104="Indian","Indian","Overseas") -> Overseas
A105: 2024 | B105: Heinrich Klaasen | C105: Sunrisers Hyderabad | D105: SRH | E105: WK-Batsman | F105: 16 | G105: 16 | H105: 479 | I105: 105* | J105: 39.92 | K105: 176.38 | L105: 28 | M105: 40 | N105: 3 | O105: 1 | P105: 3 | Q105: 0 | R105: 0 | S105: 0 | T105: 0 | U105: 0 | V105: 0/0 | W105: 12 | X105: South African | Y105: =IF(X105="Indian","Indian","Overseas") -> Overseas
...

Sheet ORANGE_CAP_HISTORY
A1: 🟠 ORANGE CAP WINNERS & 5 TOP SCORERS 2020–2025
A2: Season | B2: Rank | C2: Player | D2: Team | E2: Runs | F2: Innings | G2: Average | H2: SR | I2: 100s | J2: 50s
A3: 2020 | B3: 1 | C3: {=XLOOKUP(E3, IPL_2020_to_2025_Raw!H:H, IPL_2020_to_2025_Raw!B:B)} -> KL Rahul | D3: {=XLOOKUP(E3, IPL_2020_to_2025_Raw!H:H, IPL_2020_to_2025_Raw!D:D)} -> KXIP | E3: =IFERROR(__xludf.DUMMYFUNCTION("LARGE(FILTER(IPL_2020_to_2025_Raw!H:H, IPL_2020_to_2025_Raw!A:A=A3), VALUE(B3))"),670.0) -> 670 | F3: {=XLOOKUP(E3,IPL_2020_to_2025_Raw!H:H,IPL_2020_to_2025_Raw!G:G)} -> 14 | G3: {=XLOOKUP(E3,IPL_2020_to_2025_Raw!H:H,IPL_2020_to_2025_Raw!J:J)} -> 55.83 | H3: {=XLOOKUP(E3,IPL_2020_to_2025_Raw!H:H,IPL_2020_to_2025_Raw!K:K)} -> 129.34 | I3: {=XLOOKUP(E3,IPL_2020_to_2025_Raw!H:H,IPL_2020_to_2025_Raw!O:O)} -> 1 | J3: {=XLOOKUP(E3,IPL_2020_to_2025_Raw!H:H,IPL_2020_to_2025_Raw!N:N)} -> 5
A4: 2020 | B4: 2 | C4: {=XLOOKUP(E4, IPL_2020_to_2025_Raw!H:H, IPL_2020_to_2025_Raw!B:B)} -> Shikhar Dhawan | D4: {=XLOOKUP(E4, IPL_2020_to_2025_Raw!H:H, IPL_2020_to_2025_Raw!D:D)} -> DC | E4: =IFERROR(__xludf.DUMMYFUNCTION("LARGE(FILTER(IPL_2020_to_2025_Raw!H:H, IPL_2020_to_2025_Raw!A:A=A4), VALUE(B4))"),618.0) -> 618 | F4: {=XLOOKUP(E4,IPL_2020_to_2025_Raw!H:H,IPL_2020_to_2025_Raw!G:G)} -> 16 | G4: {=XLOOKUP(E4,IPL_2020_to_2025_Raw!H:H,IPL_2020_to_2025_Raw!J:J)} -> 44.14 | H4: {=XLOOKUP(E4,IPL_2020_to_2025_Raw!H:H,IPL_2020_to_2025_Raw!K:K)} -> 145.07 | I4: {=XLOOKUP(E4,IPL_2020_to_2025_Raw!H:H,IPL_2020_to_2025_Raw!O:O)} -> 2 | J4: {=XLOOKUP(E4,IPL_2020_to_2025_Raw!H:H,IPL_2020_to_2025_Raw!N:N)} -> 8
A5: 2020 | B5: 3 | C5: {=XLOOKUP(E5, IPL_2020_to_2025_Raw!H:H, IPL_2020_to_2025_Raw!B:B)} -> David Warner | D5: {=XLOOKUP(E5, IPL_2020_to_2025_Raw!H:H, IPL_2020_to_2025_Raw!D:D)} -> SRH | E5: =IFERROR(__xludf.DUMMYFUNCTION("LARGE(FILTER(IPL_2020_to_2025_Raw!H:H, IPL_2020_to_2025_Raw!A:A=A5), VALUE(B5))"),548.0) -> 548 | F5: {=XLOOKUP(E5,IPL_2020_to_2025_Raw!H:H,IPL_2020_to_2025_Raw!G:G)} -> 16 | G5: {=XLOOKUP(E5,IPL_2020_to_2025_Raw!H:H,IPL_2020_to_2025_Raw!J:J)} -> 34.25 | H5: {=XLOOKUP(E5,IPL_2020_to_2025_Raw!H:H,IPL_2020_to_2025_Raw!K:K)} -> 134.97 | I5: {=XLOOKUP(E5,IPL_2020_to_2025_Raw!H:H,IPL_2020_to_2025_Raw!O:O)} -> 0 | J5: {=XLOOKUP(E5,IPL_2020_to_2025_Raw!H:H,IPL_2020_to_2025_Raw!N:N)} -> 4
A6: 2020 | B6: 4 | C6: {=XLOOKUP(E6, IPL_2020_to_2025_Raw!H:H, IPL_2020_to_2025_Raw!B:B)} -> Ishan Kishan | D6: {=XLOOKUP(E6, IPL_2020_to_2025_Raw!H:H, IPL_2020_to_2025_Raw!D:D)} -> MI | E6: =IFERROR(__xludf.DUMMYFUNCTION("LARGE(FILTER(IPL_2020_to_2025_Raw!H:H, IPL_2020_to_2025_Raw!A:A=A6), VALUE(B6))"),516.0) -> 516 | F6: {=XLOOKUP(E6,IPL_2020_to_2025_Raw!H:H,IPL_2020_to_2025_Raw!G:G)} -> 14 | G6: {=XLOOKUP(E6,IPL_2020_to_2025_Raw!H:H,IPL_2020_to_2025_Raw!J:J)} -> 43 | H6: {=XLOOKUP(E6,IPL_2020_to_2025_Raw!H:H,IPL_2020_to_2025_Raw!K:K)} -> 145.76 | I6: {=XLOOKUP(E6,IPL_2020_to_2025_Raw!H:H,IPL_2020_to_2025_Raw!O:O)} -> 0 | J6: {=XLOOKUP(E6,IPL_2020_to_2025_Raw!H:H,IPL_2020_to_2025_Raw!N:N)} -> 3
A7: 2020 | B7: 5 | C7: {=XLOOKUP(E7, IPL_2020_to_2025_Raw!H:H, IPL_2020_to_2025_Raw!B:B)} -> Quinton de Kock | D7: {=XLOOKUP(E7, IPL_2020_to_2025_Raw!H:H, IPL_2020_to_2025_Raw!D:D)} -> MI | E7: =IFERROR(__xludf.DUMMYFUNCTION("LARGE(FILTER(IPL_2020_to_2025_Raw!H:H, IPL_2020_to_2025_Raw!A:A=A7), VALUE(B7))"),503.0) -> 503 | F7: {=XLOOKUP(E7,IPL_2020_to_2025_Raw!H:H,IPL_2020_to_2025_Raw!G:G)} -> 16 | G7: {=XLOOKUP(E7,IPL_2020_to_2025_Raw!H:H,IPL_2020_to_2025_Raw!J:J)} -> 33.53 | H7: {=XLOOKUP(E7,IPL_2020_to_2025_Raw!H:H,IPL_2020_to_2025_Raw!K:K)} -> 140.5 | I7: {=XLOOKUP(E7,IPL_2020_to_2025_Raw!H:H,IPL_2020_to_2025_Raw!O:O)} -> 0 | J7: {=XLOOKUP(E7,IPL_2020_to_2025_Raw!H:H,IPL_2020_to_2025_Raw!N:N)} -> 3
A8: 2021 | B8: 1 | C8: {=XLOOKUP(E8, IPL_2020_to_2025_Raw!H:H, IPL_2020_to_2025_Raw!B:B)} -> Ruturaj Gaikwad | D8: {=XLOOKUP(E8, IPL_2020_to_2025_Raw!H:H, IPL_2020_to_2025_Raw!D:D)} -> CSK | E8: =IFERROR(__xludf.DUMMYFUNCTION("LARGE(FILTER(IPL_2020_to_2025_Raw!H:H, IPL_2020_to_2025_Raw!A:A=A8), VALUE(B8))"),635.0) -> 635 | F8: {=XLOOKUP(E8,IPL_2020_to_2025_Raw!H:H,IPL_2020_to_2025_Raw!G:G)} -> 16 | G8: {=XLOOKUP(E8,IPL_2020_to_2025_Raw!H:H,IPL_2020_to_2025_Raw!J:J)} -> 45.35 | H8: {=XLOOKUP(E8,IPL_2020_to_2025_Raw!H:H,IPL_2020_to_2025_Raw!K:K)} -> 136.26 | I8: {=XLOOKUP(E8,IPL_2020_to_2025_Raw!H:H,IPL_2020_to_2025_Raw!O:O)} -> 1 | J8: {=XLOOKUP(E8,IPL_2020_to_2025_Raw!H:H,IPL_2020_to_2025_Raw!N:N)} -> 4
A9: 2021 | B9: 2 | C9: {=XLOOKUP(E9, IPL_2020_to_2025_Raw!H:H, IPL_2020_to_2025_Raw!B:B)} -> Faf du Plessis | D9: {=XLOOKUP(E9, IPL_2020_to_2025_Raw!H:H, IPL_2020_to_2025_Raw!D:D)} -> CSK | E9: =IFERROR(__xludf.DUMMYFUNCTION("LARGE(FILTER(IPL_2020_to_2025_Raw!H:H, IPL_2020_to_2025_Raw!A:A=A9), VALUE(B9))"),633.0) -> 633 | F9: {=XLOOKUP(E9,IPL_2020_to_2025_Raw!H:H,IPL_2020_to_2025_Raw!G:G)} -> 16 | G9: {=XLOOKUP(E9,IPL_2020_to_2025_Raw!H:H,IPL_2020_to_2025_Raw!J:J)} -> 44.5 | H9: {=XLOOKUP(E9,IPL_2020_to_2025_Raw!H:H,IPL_2020_to_2025_Raw!K:K)} -> 133.19 | I9: {=XLOOKUP(E9,IPL_2020_to_2025_Raw!H:H,IPL_2020_to_2025_Raw!O:O)} -> 0 | J9: {=XLOOKUP(E9,IPL_2020_to_2025_Raw!H:H,IPL_2020_to_2025_Raw!N:N)} -> 6
A10: 2021 | B10: 3 | C10: {=XLOOKUP(E10, IPL_2020_to_2025_Raw!H:H, IPL_2020_to_2025_Raw!B:B)} -> KL Rahul | D10: {=XLOOKUP(E10, IPL_2020_to_2025_Raw!H:H, IPL_2020_to_2025_Raw!D:D)} -> PBKS | E10: =IFERROR(__xludf.DUMMYFUNCTION("LARGE(FILTER(IPL_2020_to_2025_Raw!H:H, IPL_2020_to_2025_Raw!A:A=A10), VALUE(B10))"),626.0) -> 626 | F10: {=XLOOKUP(E10,IPL_2020_to_2025_Raw!H:H,IPL_2020_to_2025_Raw!G:G)} -> 13 | G10: {=XLOOKUP(E10,IPL_2020_to_2025_Raw!H:H,IPL_2020_to_2025_Raw!J:J)} -> 52.17 | H10: {=XLOOKUP(E10,IPL_2020_to_2025_Raw!H:H,IPL_2020_to_2025_Raw!K:K)} -> 136.75 | I10: {=XLOOKUP(E10,IPL_2020_to_2025_Raw!H:H,IPL_2020_to_2025_Raw!O:O)} -> 0 | J10: {=XLOOKUP(E10,IPL_2020_to_2025_Raw!H:H,IPL_2020_to_2025_Raw!N:N)} -> 6
A11: 2021 | B11: 4 | C11: {=XLOOKUP(E11, IPL_2020_to_2025_Raw!H:H, IPL_2020_to_2025_Raw!B:B)} -> Shikhar Dhawan | D11: {=XLOOKUP(E11, IPL_2020_to_2025_Raw!H:H, IPL_2020_to_2025_Raw!D:D)} -> DC | E11: =IFERROR(__xludf.DUMMYFUNCTION("LARGE(FILTER(IPL_2020_to_2025_Raw!H:H, IPL_2020_to_2025_Raw!A:A=A11), VALUE(B11))"),587.0) -> 587 | F11: {=XLOOKUP(E11,IPL_2020_to_2025_Raw!H:H,IPL_2020_to_2025_Raw!G:G)} -> 16 | G11: {=XLOOKUP(E11,IPL_2020_to_2025_Raw!H:H,IPL_2020_to_2025_Raw!J:J)} -> 46.15 | H11: {=XLOOKUP(E11,IPL_2020_to_2025_Raw!H:H,IPL_2020_to_2025_Raw!K:K)} -> 122.37 | I11: {=XLOOKUP(E11,IPL_2020_to_2025_Raw!H:H,IPL_2020_to_2025_Raw!O:O)} -> 0 | J11: {=XLOOKUP(E11,IPL_2020_to_2025_Raw!H:H,IPL_2020_to_2025_Raw!N:N)} -> 7
A12: 2021 | B12: 5 | C12: {=XLOOKUP(E12, IPL_2020_to_2025_Raw!H:H, IPL_2020_to_2025_Raw!B:B)} -> Glenn Maxwell | D12: {=XLOOKUP(E12, IPL_2020_to_2025_Raw!H:H, IPL_2020_to_2025_Raw!D:D)} -> RCB | E12: =IFERROR(__xludf.DUMMYFUNCTION("LARGE(FILTER(IPL_2020_to_2025_Raw!H:H, IPL_2020_to_2025_Raw!A:A=A12), VALUE(B12))"),513.0) -> 513 | F12: {=XLOOKUP(E12,IPL_2020_to_2025_Raw!H:H,IPL_2020_to_2025_Raw!G:G)} -> 15 | G12: {=XLOOKUP(E12,IPL_2020_to_2025_Raw!H:H,IPL_2020_to_2025_Raw!J:J)} -> 36.64 | H12: {=XLOOKUP(E12,IPL_2020_to_2025_Raw!H:H,IPL_2020_to_2025_Raw!K:K)} -> 144.38 | I12: {=XLOOKUP(E12,IPL_2020_to_2025_Raw!H:H,IPL_2020_to_2025_Raw!O:O)} -> 0 | J12: {=XLOOKUP(E12,IPL_2020_to_2025_Raw!H:H,IPL_2020_to_2025_Raw!N:N)} -> 5
A13: 2022 | B13: 1 | C13: {=XLOOKUP(E13, IPL_2020_to_2025_Raw!H:H, IPL_2020_to_2025_Raw!B:B)} -> Jos Buttler | D13: {=XLOOKUP(E13, IPL_2020_to_2025_Raw!H:H, IPL_2020_to_2025_Raw!D:D)} -> RR | E13: =IFERROR(__xludf.DUMMYFUNCTION("LARGE(FILTER(IPL_2020_to_2025_Raw!H:H, IPL_2020_to_2025_Raw!A:A=A13), VALUE(B13))"),863.0) -> 863 | F13: {=XLOOKUP(E13,IPL_2020_to_2025_Raw!H:H,IPL_2020_to_2025_Raw!G:G)} -> 17 | G13: {=XLOOKUP(E13,IPL_2020_to_2025_Raw!H:H,IPL_2020_to_2025_Raw!J:J)} -> 57.53 | H13: {=XLOOKUP(E13,IPL_2020_to_2025_Raw!H:H,IPL_2020_to_2025_Raw!K:K)} -> 149.05 | I13: {=XLOOKUP(E13,IPL_2020_to_2025_Raw!H:H,IPL_2020_to_2025_Raw!O:O)} -> 4 | J13: {=XLOOKUP(E13,IPL_2020_to_2025_Raw!H:H,IPL_2020_to_2025_Raw!N:N)} -> 4
A14: 2022 | B14: 2 | C14: {=XLOOKUP(E14, IPL_2020_to_2025_Raw!H:H, IPL_2020_to_2025_Raw!B:B)} -> KL Rahul | D14: {=XLOOKUP(E14, IPL_2020_to_2025_Raw!H:H, IPL_2020_to_2025_Raw!D:D)} -> LSG | E14: =IFERROR(__xludf.DUMMYFUNCTION("LARGE(FILTER(IPL_2020_to_2025_Raw!H:H, IPL_2020_to_2025_Raw!A:A=A14), VALUE(B14))"),616.0) -> 616 | F14: {=XLOOKUP(E14,IPL_2020_to_2025_Raw!H:H,IPL_2020_to_2025_Raw!G:G)} -> 15 | G14: {=XLOOKUP(E14,IPL_2020_to_2025_Raw!H:H,IPL_2020_to_2025_Raw!J:J)} -> 51.33 | H14: {=XLOOKUP(E14,IPL_2020_to_2025_Raw!H:H,IPL_2020_to_2025_Raw!K:K)} -> 135.68 | I14: {=XLOOKUP(E14,IPL_2020_to_2025_Raw!H:H,IPL_2020_to_2025_Raw!O:O)} -> 2 | J14: {=XLOOKUP(E14,IPL_2020_to_2025_Raw!H:H,IPL_2020_to_2025_Raw!N:N)} -> 4
A15: 2022 | B15: 3 | C15: {=XLOOKUP(E15, IPL_2020_to_2025_Raw!H:H, IPL_2020_to_2025_Raw!B:B)} -> Quinton de Kock | D15: {=XLOOKUP(E15, IPL_2020_to_2025_Raw!H:H, IPL_2020_to_2025_Raw!D:D)} -> LSG | E15: =IFERROR(__xludf.DUMMYFUNCTION("LARGE(FILTER(IPL_2020_to_2025_Raw!H:H, IPL_2020_to_2025_Raw!A:A=A15), VALUE(B15))"),508.0) -> 508 | F15: {=XLOOKUP(E15,IPL_2020_to_2025_Raw!H:H,IPL_2020_to_2025_Raw!G:G)} -> 16 | G15: {=XLOOKUP(E15,IPL_2020_to_2025_Raw!H:H,IPL_2020_to_2025_Raw!J:J)} -> 33.87 | H15: {=XLOOKUP(E15,IPL_2020_to_2025_Raw!H:H,IPL_2020_to_2025_Raw!K:K)} -> 153.77 | I15: {=XLOOKUP(E15,IPL_2020_to_2025_Raw!H:H,IPL_2020_to_2025_Raw!O:O)} -> 1 | J15: {=XLOOKUP(E15,IPL_2020_to_2025_Raw!H:H,IPL_2020_to_2025_Raw!N:N)} -> 3
A16: 2022 | B16: 4 | C16: {=XLOOKUP(E16, IPL_2020_to_2025_Raw!H:H, IPL_2020_to_2025_Raw!B:B)} -> Hardik Pandya | D16: {=XLOOKUP(E16, IPL_2020_to_2025_Raw!H:H, IPL_2020_to_2025_Raw!D:D)} -> GT | E16: =IFERROR(__xludf.DUMMYFUNCTION("LARGE(FILTER(IPL_2020_to_2025_Raw!H:H, IPL_2020_to_2025_Raw!A:A=A16), VALUE(B16))"),487.0) -> 487 | F16: {=XLOOKUP(E16,IPL_2020_to_2025_Raw!H:H,IPL_2020_to_2025_Raw!G:G)} -> 13 | G16: {=XLOOKUP(E16,IPL_2020_to_2025_Raw!H:H,IPL_2020_to_2025_Raw!J:J)} -> 44.27 | H16: {=XLOOKUP(E16,IPL_2020_to_2025_Raw!H:H,IPL_2020_to_2025_Raw!K:K)} -> 131.27 | I16: {=XLOOKUP(E16,IPL_2020_to_2025_Raw!H:H,IPL_2020_to_2025_Raw!O:O)} -> 0 | J16: {=XLOOKUP(E16,IPL_2020_to_2025_Raw!H:H,IPL_2020_to_2025_Raw!N:N)} -> 3
A17: 2022 | B17: 5 | C17: {=XLOOKUP(E17, IPL_2020_to_2025_Raw!H:H, IPL_2020_to_2025_Raw!B:B)} -> Shubman Gill | D17: {=XLOOKUP(E17, IPL_2020_to_2025_Raw!H:H, IPL_2020_to_2025_Raw!D:D)} -> GT | E17: =IFERROR(__xludf.DUMMYFUNCTION("LARGE(FILTER(IPL_2020_to_2025_Raw!H:H, IPL_2020_to_2025_Raw!A:A=A17), VALUE(B17))"),483.0) -> 483 | F17: {=XLOOKUP(E17,IPL_2020_to_2025_Raw!H:H,IPL_2020_to_2025_Raw!G:G)} -> 16 | G17: {=XLOOKUP(E17,IPL_2020_to_2025_Raw!H:H,IPL_2020_to_2025_Raw!J:J)} -> 35.07 | H17: {=XLOOKUP(E17,IPL_2020_to_2025_Raw!H:H,IPL_2020_to_2025_Raw!K:K)} -> 133.97 | I17: {=XLOOKUP(E17,IPL_2020_to_2025_Raw!H:H,IPL_2020_to_2025_Raw!O:O)} -> 0 | J17: {=XLOOKUP(E17,IPL_2020_to_2025_Raw!H:H,IPL_2020_to_2025_Raw!N:N)} -> 4
A18: 2023 | B18: 1 | C18: {=XLOOKUP(E18, IPL_2020_to_2025_Raw!H:H, IPL_2020_to_2025_Raw!B:B)} -> Shubman Gill | D18: {=XLOOKUP(E18, IPL_2020_to_2025_Raw!H:H, IPL_2020_to_2025_Raw!D:D)} -> GT | E18: =IFERROR(__xludf.DUMMYFUNCTION("LARGE(FILTER(IPL_2020_to_2025_Raw!H:H, IPL_2020_to_2025_Raw!A:A=A18), VALUE(B18))"),890.0) -> 890 | F18: {=XLOOKUP(E18,IPL_2020_to_2025_Raw!H:H,IPL_2020_to_2025_Raw!G:G)} -> 17 | G18: {=XLOOKUP(E18,IPL_2020_to_2025_Raw!H:H,IPL_2020_to_2025_Raw!J:J)} -> 59.33 | H18: {=XLOOKUP(E18,IPL_2020_to_2025_Raw!H:H,IPL_2020_to_2025_Raw!K:K)} -> 157.7 | I18: {=XLOOKUP(E18,IPL_2020_to_2025_Raw!H:H,IPL_2020_to_2025_Raw!O:O)} -> 3 | J18: {=XLOOKUP(E18,IPL_2020_to_2025_Raw!H:H,IPL_2020_to_2025_Raw!N:N)} -> 4
A19: 2023 | B19: 2 | C19: {=XLOOKUP(E19, IPL_2020_to_2025_Raw!H:H, IPL_2020_to_2025_Raw!B:B)} -> Faf du Plessis | D19: {=XLOOKUP(E19, IPL_2020_to_2025_Raw!H:H, IPL_2020_to_2025_Raw!D:D)} -> RCB | E19: =IFERROR(__xludf.DUMMYFUNCTION("LARGE(FILTER(IPL_2020_to_2025_Raw!H:H, IPL_2020_to_2025_Raw!A:A=A19), VALUE(B19))"),730.0) -> 730 | F19: {=XLOOKUP(E19,IPL_2020_to_2025_Raw!H:H,IPL_2020_to_2025_Raw!G:G)} -> 14 | G19: {=XLOOKUP(E19,IPL_2020_to_2025_Raw!H:H,IPL_2020_to_2025_Raw!J:J)} -> 58.4 | H19: {=XLOOKUP(E19,IPL_2020_to_2025_Raw!H:H,IPL_2020_to_2025_Raw!K:K)} -> 157.24 | I19: {=XLOOKUP(E19,IPL_2020_to_2025_Raw!H:H,IPL_2020_to_2025_Raw!O:O)} -> 0 | J19: {=XLOOKUP(E19,IPL_2020_to_2025_Raw!H:H,IPL_2020_to_2025_Raw!N:N)} -> 7
A20: 2023 | B20: 3 | C20: {=XLOOKUP(E20, IPL_2020_to_2025_Raw!H:H, IPL_2020_to_2025_Raw!B:B)} -> Devon Conway | D20: {=XLOOKUP(E20, IPL_2020_to_2025_Raw!H:H, IPL_2020_to_2025_Raw!D:D)} -> CSK | E20: =IFERROR(__xludf.DUMMYFUNCTION("LARGE(FILTER(IPL_2020_to_2025_Raw!H:H, IPL_2020_to_2025_Raw!A:A=A20), VALUE(B20))"),672.0) -> 672 | F20: {=XLOOKUP(E20,IPL_2020_to_2025_Raw!H:H,IPL_2020_to_2025_Raw!G:G)} -> 16 | G20: {=XLOOKUP(E20,IPL_2020_to_2025_Raw!H:H,IPL_2020_to_2025_Raw!J:J)} -> 48 | H20: {=XLOOKUP(E20,IPL_2020_to_2025_Raw!H:H,IPL_2020_to_2025_Raw!K:K)} -> 138.55 | I20: {=XLOOKUP(E20,IPL_2020_to_2025_Raw!H:H,IPL_2020_to_2025_Raw!O:O)} -> 0 | J20: {=XLOOKUP(E20,IPL_2020_to_2025_Raw!H:H,IPL_2020_to_2025_Raw!N:N)} -> 6
A21: 2023 | B21: 4 | C21: {=XLOOKUP(E21, IPL_2020_to_2025_Raw!H:H, IPL_2020_to_2025_Raw!B:B)} -> Virat Kohli | D21: {=XLOOKUP(E21, IPL_2020_to_2025_Raw!H:H, IPL_2020_to_2025_Raw!D:D)} -> RCB | E21: =IFERROR(__xludf.DUMMYFUNCTION("LARGE(FILTER(IPL_2020_to_2025_Raw!H:H, IPL_2020_to_2025_Raw!A:A=A21), VALUE(B21))"),639.0) -> 639 | F21: {=XLOOKUP(E21,IPL_2020_to_2025_Raw!H:H,IPL_2020_to_2025_Raw!G:G)} -> 14 | G21: {=XLOOKUP(E21,IPL_2020_to_2025_Raw!H:H,IPL_2020_to_2025_Raw!J:J)} -> 48.03 | H21: {=XLOOKUP(E21,IPL_2020_to_2025_Raw!H:H,IPL_2020_to_2025_Raw!K:K)} -> 139.78 | I21: {=XLOOKUP(E21,IPL_2020_to_2025_Raw!H:H,IPL_2020_to_2025_Raw!O:O)} -> 1 | J21: {=XLOOKUP(E21,IPL_2020_to_2025_Raw!H:H,IPL_2020_to_2025_Raw!N:N)} -> 6
A22: 2023 | B22: 5 | C22: {=XLOOKUP(E22, IPL_2020_to_2025_Raw!H:H, IPL_2020_to_2025_Raw!B:B)} -> Yashasvi Jaiswal | D22: {=XLOOKUP(E22, IPL_2020_to_2025_Raw!H:H, IPL_2020_to_2025_Raw!D:D)} -> RR | E22: =IFERROR(__xludf.DUMMYFUNCTION("LARGE(FILTER(IPL_2020_to_2025_Raw!H:H, IPL_2020_to_2025_Raw!A:A=A22), VALUE(B22))"),625.0) -> 625 | F22: {=XLOOKUP(E22,IPL_2020_to_2025_Raw!H:H,IPL_2020_to_2025_Raw!G:G)} -> 14 | G22: {=XLOOKUP(E22,IPL_2020_to_2025_Raw!H:H,IPL_2020_to_2025_Raw!J:J)} -> 47.07 | H22: {=XLOOKUP(E22,IPL_2020_to_2025_Raw!H:H,IPL_2020_to_2025_Raw!K:K)} -> 163.61 | I22: {=XLOOKUP(E22,IPL_2020_to_2025_Raw!H:H,IPL_2020_to_2025_Raw!O:O)} -> 1 | J22: {=XLOOKUP(E22,IPL_2020_to_2025_Raw!H:H,IPL_2020_to_2025_Raw!N:N)} -> 5
A23: 2024 | B23: 1 | C23: {=XLOOKUP(E23, IPL_2020_to_2025_Raw!H:H, IPL_2020_to_2025_Raw!B:B)} -> Virat Kohli | D23: {=XLOOKUP(E23, IPL_2020_to_2025_Raw!H:H, IPL_2020_to_2025_Raw!D:D)} -> RCB | E23: =IFERROR(__xludf.DUMMYFUNCTION("LARGE(FILTER(IPL_2020_to_2025_Raw!H:H, IPL_2020_to_2025_Raw!A:A=A23), VALUE(B23))"),741.0) -> 741 | F23: {=XLOOKUP(E23,IPL_2020_to_2025_Raw!H:H,IPL_2020_to_2025_Raw!G:G)} -> 15 | G23: {=XLOOKUP(E23,IPL_2020_to_2025_Raw!H:H,IPL_2020_to_2025_Raw!J:J)} -> 61.75 | H23: {=XLOOKUP(E23,IPL_2020_to_2025_Raw!H:H,IPL_2020_to_2025_Raw!K:K)} -> 154.69 | I23: {=XLOOKUP(E23,IPL_2020_to_2025_Raw!H:H,IPL_2020_to_2025_Raw!O:O)} -> 1 | J23: {=XLOOKUP(E23,IPL_2020_to_2025_Raw!H:H,IPL_2020_to_2025_Raw!N:N)} -> 6
A24: 2024 | B24: 2 | C24: {=XLOOKUP(E24, IPL_2020_to_2025_Raw!H:H, IPL_2020_to_2025_Raw!B:B)} -> Ruturaj Gaikwad | D24: {=XLOOKUP(E24, IPL_2020_to_2025_Raw!H:H, IPL_2020_to_2025_Raw!D:D)} -> CSK | E24: =IFERROR(__xludf.DUMMYFUNCTION("LARGE(FILTER(IPL_2020_to_2025_Raw!H:H, IPL_2020_to_2025_Raw!A:A=A24), VALUE(B24))"),583.0) -> 583 | F24: {=XLOOKUP(E24,IPL_2020_to_2025_Raw!H:H,IPL_2020_to_2025_Raw!G:G)} -> 15 | G24: {=XLOOKUP(E24,IPL_2020_to_2025_Raw!H:H,IPL_2020_to_2025_Raw!J:J)} -> 43.55 | H24: {=XLOOKUP(E24,IPL_2020_to_2025_Raw!H:H,IPL_2020_to_2025_Raw!K:K)} -> 141.11 | I24: {=XLOOKUP(E24,IPL_2020_to_2025_Raw!H:H,IPL_2020_to_2025_Raw!O:O)} -> 0 | J24: {=XLOOKUP(E24,IPL_2020_to_2025_Raw!H:H,IPL_2020_to_2025_Raw!N:N)} -> 5
A25: 2024 | B25: 3 | C25: {=XLOOKUP(E25, IPL_2020_to_2025_Raw!H:H, IPL_2020_to_2025_Raw!B:B)} -> Riyan Parag | D25: {=XLOOKUP(E25, IPL_2020_to_2025_Raw!H:H, IPL_2020_to_2025_Raw!D:D)} -> RR | E25: =IFERROR(__xludf.DUMMYFUNCTION("LARGE(FILTER(IPL_2020_to_2025_Raw!H:H, IPL_2020_to_2025_Raw!A:A=A25), VALUE(B25))"),573.0) -> 573 | F25: {=XLOOKUP(E25,IPL_2020_to_2025_Raw!H:H,IPL_2020_to_2025_Raw!G:G)} -> 14 | G25: {=XLOOKUP(E25,IPL_2020_to_2025_Raw!H:H,IPL_2020_to_2025_Raw!J:J)} -> 47.75 | H25: {=XLOOKUP(E25,IPL_2020_to_2025_Raw!H:H,IPL_2020_to_2025_Raw!K:K)} -> 149.6 | I25: {=XLOOKUP(E25,IPL_2020_to_2025_Raw!H:H,IPL_2020_to_2025_Raw!O:O)} -> 0 | J25: {=XLOOKUP(E25,IPL_2020_to_2025_Raw!H:H,IPL_2020_to_2025_Raw!N:N)} -> 5
A26: 2024 | B26: 4 | C26: {=XLOOKUP(E26, IPL_2020_to_2025_Raw!H:H, IPL_2020_to_2025_Raw!B:B)} -> Travis Head | D26: {=XLOOKUP(E26, IPL_2020_to_2025_Raw!H:H, IPL_2020_to_2025_Raw!D:D)} -> SRH | E26: =IFERROR(__xludf.DUMMYFUNCTION("LARGE(FILTER(IPL_2020_to_2025_Raw!H:H, IPL_2020_to_2025_Raw!A:A=A26), VALUE(B26))"),567.0) -> 567 | F26: {=XLOOKUP(E26,IPL_2020_to_2025_Raw!H:H,IPL_2020_to_2025_Raw!G:G)} -> 15 | G26: {=XLOOKUP(E26,IPL_2020_to_2025_Raw!H:H,IPL_2020_to_2025_Raw!J:J)} -> 42 | H26: {=XLOOKUP(E26,IPL_2020_to_2025_Raw!H:H,IPL_2020_to_2025_Raw!K:K)} -> 191.55 | I26: {=XLOOKUP(E26,IPL_2020_to_2025_Raw!H:H,IPL_2020_to_2025_Raw!O:O)} -> 1 | J26: {=XLOOKUP(E26,IPL_2020_to_2025_Raw!H:H,IPL_2020_to_2025_Raw!N:N)} -> 2
A27: 2024 | B27: 5 | C27: {=XLOOKUP(E27, IPL_2020_to_2025_Raw!H:H, IPL_2020_to_2025_Raw!B:B)} -> Sanju Samson | D27: {=XLOOKUP(E27, IPL_2020_to_2025_Raw!H:H, IPL_2020_to_2025_Raw!D:D)} -> RR | E27: =IFERROR(__xludf.DUMMYFUNCTION("LARGE(FILTER(IPL_2020_to_2025_Raw!H:H, IPL_2020_to_2025_Raw!A:A=A27), VALUE(B27))"),531.0) -> 531 | F27: {=XLOOKUP(E27,IPL_2020_to_2025_Raw!H:H,IPL_2020_to_2025_Raw!G:G)} -> 12 | G27: {=XLOOKUP(E27,IPL_2020_to_2025_Raw!H:H,IPL_2020_to_2025_Raw!J:J)} -> 53.1 | H27: {=XLOOKUP(E27,IPL_2020_to_2025_Raw!H:H,IPL_2020_to_2025_Raw!K:K)} -> 160.6 | I27: {=XLOOKUP(E27,IPL_2020_to_2025_Raw!H:H,IPL_2020_to_2025_Raw!O:O)} -> 0 | J27: {=XLOOKUP(E27,IPL_2020_to_2025_Raw!H:H,IPL_2020_to_2025_Raw!N:N)} -> 4
A28: 2025 | B28: 1 | C28: {=XLOOKUP(E28, IPL_2020_to_2025_Raw!H:H, IPL_2020_to_2025_Raw!B:B)} -> Sai Sudharsan | D28: {=XLOOKUP(E28, IPL_2020_to_2025_Raw!H:H, IPL_2020_to_2025_Raw!D:D)} -> GT | E28: =IFERROR(__xludf.DUMMYFUNCTION("LARGE(FILTER(IPL_2020_to_2025_Raw!H:H, IPL_2020_to_2025_Raw!A:A=A28), VALUE(B28))"),759.0) -> 759 | F28: {=XLOOKUP(E28,IPL_2020_to_2025_Raw!H:H,IPL_2020_to_2025_Raw!G:G)} -> 16 | G28: {=XLOOKUP(E28,IPL_2020_to_2025_Raw!H:H,IPL_2020_to_2025_Raw!J:J)} -> 54.21 | H28: {=XLOOKUP(E28,IPL_2020_to_2025_Raw!H:H,IPL_2020_to_2025_Raw!K:K)} -> 156.91 | I28: {=XLOOKUP(E28,IPL_2020_to_2025_Raw!H:H,IPL_2020_to_2025_Raw!O:O)} -> 1 | J28: {=XLOOKUP(E28,IPL_2020_to_2025_Raw!H:H,IPL_2020_to_2025_Raw!N:N)} -> 6
A29: 2025 | B29: 2 | C29: {=XLOOKUP(E29, IPL_2020_to_2025_Raw!H:H, IPL_2020_to_2025_Raw!B:B)} -> Virat Kohli | D29: {=XLOOKUP(E29, IPL_2020_to_2025_Raw!H:H, IPL_2020_to_2025_Raw!D:D)} -> RCB | E29: =IFERROR(__xludf.DUMMYFUNCTION("LARGE(FILTER(IPL_2020_to_2025_Raw!H:H, IPL_2020_to_2025_Raw!A:A=A29), VALUE(B29))"),741.0) -> 741 | F29: {=XLOOKUP(E29,IPL_2020_to_2025_Raw!H:H,IPL_2020_to_2025_Raw!G:G)} -> 15 | G29: {=XLOOKUP(E29,IPL_2020_to_2025_Raw!H:H,IPL_2020_to_2025_Raw!J:J)} -> 61.75 | H29: {=XLOOKUP(E29,IPL_2020_to_2025_Raw!H:H,IPL_2020_to_2025_Raw!K:K)} -> 154.69 | I29: {=XLOOKUP(E29,IPL_2020_to_2025_Raw!H:H,IPL_2020_to_2025_Raw!O:O)} -> 1 | J29: {=XLOOKUP(E29,IPL_2020_to_2025_Raw!H:H,IPL_2020_to_2025_Raw!N:N)} -> 6
A30: 2025 | B30: 3 | C30: {=XLOOKUP(E30, IPL_2020_to_2025_Raw!H:H, IPL_2020_to_2025_Raw!B:B)} -> Shubman Gill | D30: {=XLOOKUP(E30, IPL_2020_to_2025_Raw!H:H, IPL_2020_to_2025_Raw!D:D)} -> GT | E30: =IFERROR(__xludf.DUMMYFUNCTION("LARGE(FILTER(IPL_2020_to_2025_Raw!H:H, IPL_2020_to_2025_Raw!A:A=A30), VALUE(B30))"),649.0) -> 649 | F30: {=XLOOKUP(E30,IPL_2020_to_2025_Raw!H:H,IPL_2020_to_2025_Raw!G:G)} -> 14 | G30: {=XLOOKUP(E30,IPL_2020_to_2025_Raw!H:H,IPL_2020_to_2025_Raw!J:J)} -> 54.08 | H30: {=XLOOKUP(E30,IPL_2020_to_2025_Raw!H:H,IPL_2020_to_2025_Raw!K:K)} -> 156.38 | I30: {=XLOOKUP(E30,IPL_2020_to_2025_Raw!H:H,IPL_2020_to_2025_Raw!O:O)} -> 0 | J30: {=XLOOKUP(E30,IPL_2020_to_2025_Raw!H:H,IPL_2020_to_2025_Raw!N:N)} -> 6
A31: 2025 | B31: 4 | C31: {=XLOOKUP(E31, IPL_2020_to_2025_Raw!H:H, IPL_2020_to_2025_Raw!B:B)} -> Suryakumar Yadav | D31: {=XLOOKUP(E31, IPL_2020_to_2025_Raw!H:H, IPL_2020_to_2025_Raw!D:D)} -> MI | E31: =IFERROR(__xludf.DUMMYFUNCTION("LARGE(FILTER(IPL_2020_to_2025_Raw!H:H, IPL_2020_to_2025_Raw!A:A=A31), VALUE(B31))"),640.0) -> 640 | F31: {=XLOOKUP(E31,IPL_2020_to_2025_Raw!H:H,IPL_2020_to_2025_Raw!G:G)} -> 14 | G31: {=XLOOKUP(E31,IPL_2020_to_2025_Raw!H:H,IPL_2020_to_2025_Raw!J:J)} -> 71.11 | H31: {=XLOOKUP(E31,IPL_2020_to_2025_Raw!H:H,IPL_2020_to_2025_Raw!K:K)} -> 167.97 | I31: {=XLOOKUP(E31,IPL_2020_to_2025_Raw!H:H,IPL_2020_to_2025_Raw!O:O)} -> 0 | J31: {=XLOOKUP(E31,IPL_2020_to_2025_Raw!H:H,IPL_2020_to_2025_Raw!N:N)} -> 5
A32: 2025 | B32: 5 | C32: {=XLOOKUP(E32, IPL_2020_to_2025_Raw!H:H, IPL_2020_to_2025_Raw!B:B)} -> Mitchell Marsh | D32: {=XLOOKUP(E32, IPL_2020_to_2025_Raw!H:H, IPL_2020_to_2025_Raw!D:D)} -> LSG | E32: =IFERROR(__xludf.DUMMYFUNCTION("LARGE(FILTER(IPL_2020_to_2025_Raw!H:H, IPL_2020_to_2025_Raw!A:A=A32), VALUE(B32))"),627.0) -> 627 | F32: {=XLOOKUP(E32,IPL_2020_to_2025_Raw!H:H,IPL_2020_to_2025_Raw!G:G)} -> 13 | G32: {=XLOOKUP(E32,IPL_2020_to_2025_Raw!H:H,IPL_2020_to_2025_Raw!J:J)} -> 48.23 | H32: {=XLOOKUP(E32,IPL_2020_to_2025_Raw!H:H,IPL_2020_to_2025_Raw!K:K)} -> 163.7 | I32: {=XLOOKUP(E32,IPL_2020_to_2025_Raw!H:H,IPL_2020_to_2025_Raw!O:O)} -> 1 | J32: {=XLOOKUP(E32,IPL_2020_to_2025_Raw!H:H,IPL_2020_to_2025_Raw!N:N)} -> 6

Sheet PURPLE_CAP_HISTORY
A1: 🟣 PURPLE CAP WINNERS & 5 TOP WICKET-TAKERS 2020–2025
A2: Season | B2: Rank | C2: Player | D2: Team | E2: Wickets | F2: Overs | G2: Economy | H2: Best
A3: 2020 | B3: 1 | C3: =IFERROR(__xludf.DUMMYFUNCTION("INDEX( SORT( FILTER({IPL_2020_to_2025_Raw!B:B, IPL_2020_to_2025_Raw!C:C,IPL_2020_to_2025_Raw!Q:Q}, IPL_2020_to_2025_Raw!A:A=A3), 3,FALSE), B3,1)"),"Kagiso Rabada") -> Kagiso Rabada | D3: =IFERROR(__xludf.DUMMYFUNCTION("INDEX( SORT( FILTER({IPL_2020_to_2025_Raw!B:B, IPL_2020_to_2025_Raw!D:D,IPL_2020_to_2025_Raw!Q:Q}, IPL_2020_to_2025_Raw!A:A=A3), 3,FALSE), B3,2)"),"DC") -> DC | E3: =IFERROR(__xludf.DUMMYFUNCTION("INDEX( SORT( FILTER(IPL_2020_to_2025_Raw!Q:Q, IPL_2020_to_2025_Raw!A:A=A3), 1,FALSE), B3)"),30.0) -> 30 | F3: {=XLOOKUP(E3,IPL_2020_to_2025_Raw!Q:Q,IPL_2020_to_2025_Raw!R:R)} -> 64 | G3: {=XLOOKUP(E3,IPL_2020_to_2025_Raw!Q:Q,IPL_2020_to_2025_Raw!S:S)} -> 8.34 | H3: {=XLOOKUP(E3,IPL_2020_to_2025_Raw!Q:Q,IPL_2020_to_2025_Raw!V:V)} -> 4/24
A4: 2020 | B4: 2 | C4: =IFERROR(__xludf.DUMMYFUNCTION("INDEX( SORT( FILTER({IPL_2020_to_2025_Raw!B:B, IPL_2020_to_2025_Raw!C:C,IPL_2020_to_2025_Raw!Q:Q}, IPL_2020_to_2025_Raw!A:A=A4), 3,FALSE), B4,1)"),"Jasprit Bumrah") -> Jasprit Bumrah | D4: =IFERROR(__xludf.DUMMYFUNCTION("INDEX( SORT( FILTER({IPL_2020_to_2025_Raw!B:B, IPL_2020_to_2025_Raw!D:D,IPL_2020_to_2025_Raw!Q:Q}, IPL_2020_to_2025_Raw!A:A=A4), 3,FALSE), B4,2)"),"MI") -> MI | E4: =IFERROR(__xludf.DUMMYFUNCTION("LARGE(FILTER(IPL_2020_to_2025_Raw!Q:Q, IPL_2020_to_2025_Raw!A:A=A4),B4)"),27.0) -> 27 | F4: {=XLOOKUP(E4,IPL_2020_to_2025_Raw!Q:Q,IPL_2020_to_2025_Raw!R:R)} -> 58.1 | G4: {=XLOOKUP(E4,IPL_2020_to_2025_Raw!Q:Q,IPL_2020_to_2025_Raw!S:S)} -> 6.73 | H4: {=XLOOKUP(E4,IPL_2020_to_2025_Raw!Q:Q,IPL_2020_to_2025_Raw!V:V)} -> 4/14
A5: 2020 | B5: 3 | C5: =IFERROR(__xludf.DUMMYFUNCTION("INDEX( SORT( FILTER({IPL_2020_to_2025_Raw!B:B, IPL_2020_to_2025_Raw!C:C,IPL_2020_to_2025_Raw!Q:Q}, IPL_2020_to_2025_Raw!A:A=A5), 3,FALSE), B5,1)"),"Trent Boult") -> Trent Boult | D5: =IFERROR(__xludf.DUMMYFUNCTION("INDEX( SORT( FILTER({IPL_2020_to_2025_Raw!B:B, IPL_2020_to_2025_Raw!D:D,IPL_2020_to_2025_Raw!Q:Q}, IPL_2020_to_2025_Raw!A:A=A5), 3,FALSE), B5,2)"),"MI") -> MI | E5: =IFERROR(__xludf.DUMMYFUNCTION("LARGE(FILTER(IPL_2020_to_2025_Raw!Q:Q, IPL_2020_to_2025_Raw!A:A=A5),B5)"),25.0) -> 25 | F5: {=XLOOKUP(E5,IPL_2020_to_2025_Raw!Q:Q,IPL_2020_to_2025_Raw!R:R)} -> 57.3 | G5: {=XLOOKUP(E5,IPL_2020_to_2025_Raw!Q:Q,IPL_2020_to_2025_Raw!S:S)} -> 7.97 | H5: {=XLOOKUP(E5,IPL_2020_to_2025_Raw!Q:Q,IPL_2020_to_2025_Raw!V:V)} -> 3/21
A6: 2020 | B6: 4 | C6: =IFERROR(__xludf.DUMMYFUNCTION("INDEX( SORT( FILTER({IPL_2020_to_2025_Raw!B:B, IPL_2020_to_2025_Raw!C:C,IPL_2020_to_2025_Raw!Q:Q}, IPL_2020_to_2025_Raw!A:A=A6), 3,FALSE), B6,1)"),"Anrich Nortje") -> Anrich Nortje | D6: =IFERROR(__xludf.DUMMYFUNCTION("INDEX( SORT( FILTER({IPL_2020_to_2025_Raw!B:B, IPL_2020_to_2025_Raw!D:D,IPL_2020_to_2025_Raw!Q:Q}, IPL_2020_to_2025_Raw!A:A=A6), 3,FALSE), B6,2)"),"DC") -> DC | E6: =IFERROR(__xludf.DUMMYFUNCTION("LARGE(FILTER(IPL_2020_to_2025_Raw!Q:Q, IPL_2020_to_2025_Raw!A:A=A6),B6)"),22.0) -> 22 | F6: {=XLOOKUP(E6,IPL_2020_to_2025_Raw!Q:Q,IPL_2020_to_2025_Raw!R:R)} -> 58 | G6: {=XLOOKUP(E6,IPL_2020_to_2025_Raw!Q:Q,IPL_2020_to_2025_Raw!S:S)} -> 8.37 | H6: {=XLOOKUP(E6,IPL_2020_to_2025_Raw!Q:Q,IPL_2020_to_2025_Raw!V:V)} -> 3/21
A7: 2020 | B7: 5 | C7: =IFERROR(__xludf.DUMMYFUNCTION("INDEX( SORT( FILTER({IPL_2020_to_2025_Raw!B:B, IPL_2020_to_2025_Raw!C:C,IPL_2020_to_2025_Raw!Q:Q}, IPL_2020_to_2025_Raw!A:A=A7), 3,FALSE), B7,1)"),"Yuzvendra Chahal") -> Yuzvendra Chahal | D7: =IFERROR(__xludf.DUMMYFUNCTION("INDEX( SORT( FILTER({IPL_2020_to_2025_Raw!B:B, IPL_2020_to_2025_Raw!D:D,IPL_2020_to_2025_Raw!Q:Q}, IPL_2020_to_2025_Raw!A:A=A7), 3,FALSE), B7,2)"),"RCB") -> RCB | E7: =IFERROR(__xludf.DUMMYFUNCTION("LARGE(FILTER(IPL_2020_to_2025_Raw!Q:Q, IPL_2020_to_2025_Raw!A:A=A7),B7)"),21.0) -> 21 | F7: {=XLOOKUP(E7,IPL_2020_to_2025_Raw!Q:Q,IPL_2020_to_2025_Raw!R:R)} -> 58 | G7: {=XLOOKUP(E7,IPL_2020_to_2025_Raw!Q:Q,IPL_2020_to_2025_Raw!S:S)} -> 8.02 | H7: {=XLOOKUP(E7,IPL_2020_to_2025_Raw!Q:Q,IPL_2020_to_2025_Raw!V:V)} -> 3/18
A8: 2021 | B8: 1 | C8: =IFERROR(__xludf.DUMMYFUNCTION("INDEX( SORT( FILTER({IPL_2020_to_2025_Raw!B:B, IPL_2020_to_2025_Raw!C:C,IPL_2020_to_2025_Raw!Q:Q}, IPL_2020_to_2025_Raw!A:A=A8), 3,FALSE), B8,1)"),"Harshal Patel") -> Harshal Patel | D8: =IFERROR(__xludf.DUMMYFUNCTION("INDEX( SORT( FILTER({IPL_2020_to_2025_Raw!B:B, IPL_2020_to_2025_Raw!D:D,IPL_2020_to_2025_Raw!Q:Q}, IPL_2020_to_2025_Raw!A:A=A8), 3,FALSE), B8,2)"),"RCB") -> RCB | E8: =IFERROR(__xludf.DUMMYFUNCTION("LARGE(FILTER(IPL_2020_to_2025_Raw!Q:Q, IPL_2020_to_2025_Raw!A:A=A8),B8)"),32.0) -> 32 | F8: {=XLOOKUP(E8,IPL_2020_to_2025_Raw!Q:Q,IPL_2020_to_2025_Raw!R:R)} -> 57 | G8: {=XLOOKUP(E8,IPL_2020_to_2025_Raw!Q:Q,IPL_2020_to_2025_Raw!S:S)} -> 8.14 | H8: {=XLOOKUP(E8,IPL_2020_to_2025_Raw!Q:Q,IPL_2020_to_2025_Raw!V:V)} -> 5/27
A9: 2021 | B9: 2 | C9: =IFERROR(__xludf.DUMMYFUNCTION("INDEX( SORT( FILTER({IPL_2020_to_2025_Raw!B:B, IPL_2020_to_2025_Raw!C:C,IPL_2020_to_2025_Raw!Q:Q}, IPL_2020_to_2025_Raw!A:A=A9), 3,FALSE), B9,1)"),"Avesh Khan") -> Avesh Khan | D9: =IFERROR(__xludf.DUMMYFUNCTION("INDEX( SORT( FILTER({IPL_2020_to_2025_Raw!B:B, IPL_2020_to_2025_Raw!D:D,IPL_2020_to_2025_Raw!Q:Q}, IPL_2020_to_2025_Raw!A:A=A9), 3,FALSE), B9,2)"),"DC") -> DC | E9: =IFERROR(__xludf.DUMMYFUNCTION("LARGE(FILTER(IPL_2020_to_2025_Raw!Q:Q, IPL_2020_to_2025_Raw!A:A=A9),B9)"),24.0) -> 24 | F9: {=XLOOKUP(E9,IPL_2020_to_2025_Raw!Q:Q,IPL_2020_to_2025_Raw!R:R)} -> 58 | G9: {=XLOOKUP(E9,IPL_2020_to_2025_Raw!Q:Q,IPL_2020_to_2025_Raw!S:S)} -> 7.37 | H9: {=XLOOKUP(E9,IPL_2020_to_2025_Raw!Q:Q,IPL_2020_to_2025_Raw!V:V)} -> 4/24
A10: 2021 | B10: 3 | C10: =IFERROR(__xludf.DUMMYFUNCTION("INDEX( SORT( FILTER({IPL_2020_to_2025_Raw!B:B, IPL_2020_to_2025_Raw!C:C,IPL_2020_to_2025_Raw!Q:Q}, IPL_2020_to_2025_Raw!A:A=A10), 3,FALSE), B10,1)"),"Jasprit Bumrah") -> Jasprit Bumrah | D10: =IFERROR(__xludf.DUMMYFUNCTION("INDEX( SORT( FILTER({IPL_2020_to_2025_Raw!B:B, IPL_2020_to_2025_Raw!D:D,IPL_2020_to_2025_Raw!Q:Q}, IPL_2020_to_2025_Raw!A:A=A10), 3,FALSE), B10,2)"),"MI") -> MI | E10: =IFERROR(__xludf.DUMMYFUNCTION("LARGE(FILTER(IPL_2020_to_2025_Raw!Q:Q, IPL_2020_to_2025_Raw!A:A=A10),B10)"),21.0) -> 21 | F10: {=XLOOKUP(E10,IPL_2020_to_2025_Raw!Q:Q,IPL_2020_to_2025_Raw!R:R)} -> 58 | G10: {=XLOOKUP(E10,IPL_2020_to_2025_Raw!Q:Q,IPL_2020_to_2025_Raw!S:S)} -> 8.02 | H10: {=XLOOKUP(E10,IPL_2020_to_2025_Raw!Q:Q,IPL_2020_to_2025_Raw!V:V)} -> 3/18
A11: 2021 | B11: 4 | C11: =IFERROR(__xludf.DUMMYFUNCTION("INDEX( SORT( FILTER({IPL_2020_to_2025_Raw!B:B, IPL_2020_to_2025_Raw!C:C,IPL_2020_to_2025_Raw!Q:Q}, IPL_2020_to_2025_Raw!A:A=A11), 3,FALSE), B11,1)"),"Shardul Thakur") -> Shardul Thakur | D11: =IFERROR(__xludf.DUMMYFUNCTION("INDEX( SORT( FILTER({IPL_2020_to_2025_Raw!B:B, IPL_2020_to_2025_Raw!D:D,IPL_2020_to_2025_Raw!Q:Q}, IPL_2020_to_2025_Raw!A:A=A11), 3,FALSE), B11,2)"),"CSK") -> CSK | E11: =IFERROR(__xludf.DUMMYFUNCTION("LARGE(FILTER(IPL_2020_to_2025_Raw!Q:Q, IPL_2020_to_2025_Raw!A:A=A11),B11)"),21.0) -> 21 | F11: {=XLOOKUP(E11,IPL_2020_to_2025_Raw!Q:Q,IPL_2020_to_2025_Raw!R:R)} -> 58 | G11: {=XLOOKUP(E11,IPL_2020_to_2025_Raw!Q:Q,IPL_2020_to_2025_Raw!S:S)} -> 8.02 | H11: {=XLOOKUP(E11,IPL_2020_to_2025_Raw!Q:Q,IPL_2020_to_2025_Raw!V:V)} -> 3/18
A12: 2021 | B12: 5 | C12: =IFERROR(__xludf.DUMMYFUNCTION("INDEX( SORT( FILTER({IPL_2020_to_2025_Raw!B:B, IPL_2020_to_2025_Raw!C:C,IPL_2020_to_2025_Raw!Q:Q}, IPL_2020_to_2025_Raw!A:A=A12), 3,FALSE), B12,1)"),"Sunil Narine") -> Sunil Narine | D12: =IFERROR(__xludf.DUMMYFUNCTION("INDEX( SORT( FILTER({IPL_2020_to_2025_Raw!B:B, IPL_2020_to_2025_Raw!D:D,IPL_2020_to_2025_Raw!Q:Q}, IPL_2020_to_2025_Raw!A:A=A12), 3,FALSE), B12,2)"),"KKR") -> KKR | E12: =IFERROR(__xludf.DUMMYFUNCTION("LARGE(FILTER(IPL_2020_to_2025_Raw!Q:Q, IPL_2020_to_2025_Raw!A:A=A12),B12)"),21.0) -> 21 | F12: {=XLOOKUP(E12,IPL_2020_to_2025_Raw!Q:Q,IPL_2020_to_2025_Raw!R:R)} -> 58 | G12: {=XLOOKUP(E12,IPL_2020_to_2025_Raw!Q:Q,IPL_2020_to_2025_Raw!S:S)} -> 8.02 | H12: {=XLOOKUP(E12,IPL_2020_to_2025_Raw!Q:Q,IPL_2020_to_2025_Raw!V:V)} -> 3/18
A13: 2022 | B13: 1 | C13: =IFERROR(__xludf.DUMMYFUNCTION("INDEX( SORT( FILTER({IPL_2020_to_2025_Raw!B:B, IPL_2020_to_2025_Raw!C:C,IPL_2020_to_2025_Raw!Q:Q}, IPL_2020_to_2025_Raw!A:A=A13), 3,FALSE), B13,1)"),"Yuzvendra Chahal") -> Yuzvendra Chahal | D13: =IFERROR(__xludf.DUMMYFUNCTION("INDEX( SORT( FILTER({IPL_2020_to_2025_Raw!B:B, IPL_2020_to_2025_Raw!D:D,IPL_2020_to_2025_Raw!Q:Q}, IPL_2020_to_2025_Raw!A:A=A13), 3,FALSE), B13,2)"),"RR") -> RR | E13: =IFERROR(__xludf.DUMMYFUNCTION("LARGE(FILTER(IPL_2020_to_2025_Raw!Q:Q, IPL_2020_to_2025_Raw!A:A=A13),B13)"),27.0) -> 27 | F13: {=XLOOKUP(E13,IPL_2020_to_2025_Raw!Q:Q,IPL_2020_to_2025_Raw!R:R)} -> 58.1 | G13: {=XLOOKUP(E13,IPL_2020_to_2025_Raw!Q:Q,IPL_2020_to_2025_Raw!S:S)} -> 6.73 | H13: {=XLOOKUP(E13,IPL_2020_to_2025_Raw!Q:Q,IPL_2020_to_2025_Raw!V:V)} -> 4/14
A14: 2022 | B14: 2 | C14: =IFERROR(__xludf.DUMMYFUNCTION("INDEX( SORT( FILTER({IPL_2020_to_2025_Raw!B:B, IPL_2020_to_2025_Raw!C:C,IPL_2020_to_2025_Raw!Q:Q}, IPL_2020_to_2025_Raw!A:A=A14), 3,FALSE), B14,1)"),"Wanindu Hasaranga") -> Wanindu Hasaranga | D14: =IFERROR(__xludf.DUMMYFUNCTION("INDEX( SORT( FILTER({IPL_2020_to_2025_Raw!B:B, IPL_2020_to_2025_Raw!D:D,IPL_2020_to_2025_Raw!Q:Q}, IPL_2020_to_2025_Raw!A:A=A14), 3,FALSE), B14,2)"),"RCB") -> RCB | E14: =IFERROR(__xludf.DUMMYFUNCTION("LARGE(FILTER(IPL_2020_to_2025_Raw!Q:Q, IPL_2020_to_2025_Raw!A:A=A14),B14)"),26.0) -> 26 | F14: {=XLOOKUP(E14,IPL_2020_to_2025_Raw!Q:Q,IPL_2020_to_2025_Raw!R:R)} -> 60 | G14: {=XLOOKUP(E14,IPL_2020_to_2025_Raw!Q:Q,IPL_2020_to_2025_Raw!S:S)} -> 7.54 | H14: {=XLOOKUP(E14,IPL_2020_to_2025_Raw!Q:Q,IPL_2020_to_2025_Raw!V:V)} -> 4/20
A15: 2022 | B15: 3 | C15: =IFERROR(__xludf.DUMMYFUNCTION("INDEX( SORT( FILTER({IPL_2020_to_2025_Raw!B:B, IPL_2020_to_2025_Raw!C:C,IPL_2020_to_2025_Raw!Q:Q}, IPL_2020_to_2025_Raw!A:A=A15), 3,FALSE), B15,1)"),"Kagiso Rabada") -> Kagiso Rabada | D15: =IFERROR(__xludf.DUMMYFUNCTION("INDEX( SORT( FILTER({IPL_2020_to_2025_Raw!B:B, IPL_2020_to_2025_Raw!D:D,IPL_2020_to_2025_Raw!Q:Q}, IPL_2020_to_2025_Raw!A:A=A15), 3,FALSE), B15,2)"),"PBKS") -> PBKS | E15: =IFERROR(__xludf.DUMMYFUNCTION("LARGE(FILTER(IPL_2020_to_2025_Raw!Q:Q, IPL_2020_to_2025_Raw!A:A=A15),B15)"),23.0) -> 23 | F15: {=XLOOKUP(E15,IPL_2020_to_2025_Raw!Q:Q,IPL_2020_to_2025_Raw!R:R)} -> 50 | G15: {=XLOOKUP(E15,IPL_2020_to_2025_Raw!Q:Q,IPL_2020_to_2025_Raw!S:S)} -> 9.33 | H15: {=XLOOKUP(E15,IPL_2020_to_2025_Raw!Q:Q,IPL_2020_to_2025_Raw!V:V)} -> 4/33
A16: 2022 | B16: 4 | C16: =IFERROR(__xludf.DUMMYFUNCTION("INDEX( SORT( FILTER({IPL_2020_to_2025_Raw!B:B, IPL_2020_to_2025_Raw!C:C,IPL_2020_to_2025_Raw!Q:Q}, IPL_2020_to_2025_Raw!A:A=A16), 3,FALSE), B16,1)"),"Umran Malik") -> Umran Malik | D16: =IFERROR(__xludf.DUMMYFUNCTION("INDEX( SORT( FILTER({IPL_2020_to_2025_Raw!B:B, IPL_2020_to_2025_Raw!D:D,IPL_2020_to_2025_Raw!Q:Q}, IPL_2020_to_2025_Raw!A:A=A16), 3,FALSE), B16,2)"),"SRH") -> SRH | E16: =IFERROR(__xludf.DUMMYFUNCTION("LARGE(FILTER(IPL_2020_to_2025_Raw!Q:Q, IPL_2020_to_2025_Raw!A:A=A16),B16)"),22.0) -> 22 | F16: {=XLOOKUP(E16,IPL_2020_to_2025_Raw!Q:Q,IPL_2020_to_2025_Raw!R:R)} -> 58 | G16: {=XLOOKUP(E16,IPL_2020_to_2025_Raw!Q:Q,IPL_2020_to_2025_Raw!S:S)} -> 8.37 | H16: {=XLOOKUP(E16,IPL_2020_to_2025_Raw!Q:Q,IPL_2020_to_2025_Raw!V:V)} -> 3/21
A17: 2022 | B17: 5 | C17: =IFERROR(__xludf.DUMMYFUNCTION("INDEX( SORT( FILTER({IPL_2020_to_2025_Raw!B:B, IPL_2020_to_2025_Raw!C:C,IPL_2020_to_2025_Raw!Q:Q}, IPL_2020_to_2025_Raw!A:A=A17), 3,FALSE), B17,1)"),"Kuldeep Yadav") -> Kuldeep Yadav | D17: =IFERROR(__xludf.DUMMYFUNCTION("INDEX( SORT( FILTER({IPL_2020_to_2025_Raw!B:B, IPL_2020_to_2025_Raw!D:D,IPL_2020_to_2025_Raw!Q:Q}, IPL_2020_to_2025_Raw!A:A=A17), 3,FALSE), B17,2)"),"DC") -> DC | E17: =IFERROR(__xludf.DUMMYFUNCTION("LARGE(FILTER(IPL_2020_to_2025_Raw!Q:Q, IPL_2020_to_2025_Raw!A:A=A17),B17)"),21.0) -> 21 | F17: {=XLOOKUP(E17,IPL_2020_to_2025_Raw!Q:Q,IPL_2020_to_2025_Raw!R:R)} -> 58 | G17: {=XLOOKUP(E17,IPL_2020_to_2025_Raw!Q:Q,IPL_2020_to_2025_Raw!S:S)} -> 8.02 | H17: {=XLOOKUP(E17,IPL_2020_to_2025_Raw!Q:Q,IPL_2020_to_2025_Raw!V:V)} -> 3/18
A18: 2023 | B18: 1 | C18: =IFERROR(__xludf.DUMMYFUNCTION("INDEX( SORT( FILTER({IPL_2020_to_2025_Raw!B:B, IPL_2020_to_2025_Raw!C:C,IPL_2020_to_2025_Raw!Q:Q}, IPL_2020_to_2025_Raw!A:A=A18), 3,FALSE), B18,1)"),"Mohammed Shami") -> Mohammed Shami | D18: =IFERROR(__xludf.DUMMYFUNCTION("INDEX( SORT( FILTER({IPL_2020_to_2025_Raw!B:B, IPL_2020_to_2025_Raw!D:D,IPL_2020_to_2025_Raw!Q:Q}, IPL_2020_to_2025_Raw!A:A=A18), 3,FALSE), B18,2)"),"GT") -> GT | E18: =IFERROR(__xludf.DUMMYFUNCTION("LARGE(FILTER(IPL_2020_to_2025_Raw!Q:Q, IPL_2020_to_2025_Raw!A:A=A18),B18)"),28.0) -> 28 | F18: {=XLOOKUP(E18,IPL_2020_to_2025_Raw!Q:Q,IPL_2020_to_2025_Raw!R:R)} -> 65 | G18: {=XLOOKUP(E18,IPL_2020_to_2025_Raw!Q:Q,IPL_2020_to_2025_Raw!S:S)} -> 8.03 | H18: {=XLOOKUP(E18,IPL_2020_to_2025_Raw!Q:Q,IPL_2020_to_2025_Raw!V:V)} -> 4/17
A19: 2023 | B19: 2 | C19: =IFERROR(__xludf.DUMMYFUNCTION("INDEX( SORT( FILTER({IPL_2020_to_2025_Raw!B:B, IPL_2020_to_2025_Raw!C:C,IPL_2020_to_2025_Raw!Q:Q}, IPL_2020_to_2025_Raw!A:A=A19), 3,FALSE), B19,1)"),"Rashid Khan") -> Rashid Khan | D19: =IFERROR(__xludf.DUMMYFUNCTION("INDEX( SORT( FILTER({IPL_2020_to_2025_Raw!B:B, IPL_2020_to_2025_Raw!D:D,IPL_2020_to_2025_Raw!Q:Q}, IPL_2020_to_2025_Raw!A:A=A19), 3,FALSE), B19,2)"),"GT") -> GT | E19: =IFERROR(__xludf.DUMMYFUNCTION("LARGE(FILTER(IPL_2020_to_2025_Raw!Q:Q, IPL_2020_to_2025_Raw!A:A=A19),B19)"),27.0) -> 27 | F19: {=XLOOKUP(E19,IPL_2020_to_2025_Raw!Q:Q,IPL_2020_to_2025_Raw!R:R)} -> 58.1 | G19: {=XLOOKUP(E19,IPL_2020_to_2025_Raw!Q:Q,IPL_2020_to_2025_Raw!S:S)} -> 6.73 | H19: {=XLOOKUP(E19,IPL_2020_to_2025_Raw!Q:Q,IPL_2020_to_2025_Raw!V:V)} -> 4/14
A20: 2023 | B20: 3 | C20: =IFERROR(__xludf.DUMMYFUNCTION("INDEX( SORT( FILTER({IPL_2020_to_2025_Raw!B:B, IPL_2020_to_2025_Raw!C:C,IPL_2020_to_2025_Raw!Q:Q}, IPL_2020_to_2025_Raw!A:A=A20), 3,FALSE), B20,1)"),"Mohit Sharma") -> Mohit Sharma | D20: =IFERROR(__xludf.DUMMYFUNCTION("INDEX( SORT( FILTER({IPL_2020_to_2025_Raw!B:B, IPL_2020_to_2025_Raw!D:D,IPL_2020_to_2025_Raw!Q:Q}, IPL_2020_to_2025_Raw!A:A=A20), 3,FALSE), B20,2)"),"GT") -> GT | E20: =IFERROR(__xludf.DUMMYFUNCTION("LARGE(FILTER(IPL_2020_to_2025_Raw!Q:Q, IPL_2020_to_2025_Raw!A:A=A20),B20)"),27.0) -> 27 | F20: {=XLOOKUP(E20,IPL_2020_to_2025_Raw!Q:Q,IPL_2020_to_2025_Raw!R:R)} -> 58.1 | G20: {=XLOOKUP(E20,IPL_2020_to_2025_Raw!Q:Q,IPL_2020_to_2025_Raw!S:S)} -> 6.73 | H20: {=XLOOKUP(E20,IPL_2020_to_2025_Raw!Q:Q,IPL_2020_to_2025_Raw!V:V)} -> 4/14
A21: 2023 | B21: 4 | C21: =IFERROR(__xludf.DUMMYFUNCTION("INDEX( SORT( FILTER({IPL_2020_to_2025_Raw!B:B, IPL_2020_to_2025_Raw!C:C,IPL_2020_to_2025_Raw!Q:Q}, IPL_2020_to_2025_Raw!A:A=A21), 3,FALSE), B21,1)"),"Piyush Chawla") -> Piyush Chawla | D21: =IFERROR(__xludf.DUMMYFUNCTION("INDEX( SORT( FILTER({IPL_2020_to_2025_Raw!B:B, IPL_2020_to_2025_Raw!D:D,IPL_2020_to_2025_Raw!Q:Q}, IPL_2020_to_2025_Raw!A:A=A21), 3,FALSE), B21,2)"),"MI") -> MI | E21: =IFERROR(__xludf.DUMMYFUNCTION("LARGE(FILTER(IPL_2020_to_2025_Raw!Q:Q, IPL_2020_to_2025_Raw!A:A=A21),B21)"),22.0) -> 22 | F21: {=XLOOKUP(E21,IPL_2020_to_2025_Raw!Q:Q,IPL_2020_to_2025_Raw!R:R)} -> 58 | G21: {=XLOOKUP(E21,IPL_2020_to_2025_Raw!Q:Q,IPL_2020_to_2025_Raw!S:S)} -> 8.37 | H21: {=XLOOKUP(E21,IPL_2020_to_2025_Raw!Q:Q,IPL_2020_to_2025_Raw!V:V)} -> 3/21
A22: 2023 | B22: 5 | C22: =IFERROR(__xludf.DUMMYFUNCTION("INDEX( SORT( FILTER({IPL_2020_to_2025_Raw!B:B, IPL_2020_to_2025_Raw!C:C,IPL_2020_to_2025_Raw!Q:Q}, IPL_2020_to_2025_Raw!A:A=A22), 3,FALSE), B22,1)"),"Yuzvendra Chahal") -> Yuzvendra Chahal | D22: =IFERROR(__xludf.DUMMYFUNCTION("INDEX( SORT( FILTER({IPL_2020_to_2025_Raw!B:B, IPL_2020_to_2025_Raw!D:D,IPL_2020_to_2025_Raw!Q:Q}, IPL_2020_to_2025_Raw!A:A=A22), 3,FALSE), B22,2)"),"RR") -> RR | E22: =IFERROR(__xludf.DUMMYFUNCTION("LARGE(FILTER(IPL_2020_to_2025_Raw!Q:Q, IPL_2020_to_2025_Raw!A:A=A22),B22)"),21.0) -> 21 | F22: {=XLOOKUP(E22,IPL_2020_to_2025_Raw!Q:Q,IPL_2020_to_2025_Raw!R:R)} -> 58 | G22: {=XLOOKUP(E22,IPL_2020_to_2025_Raw!Q:Q,IPL_2020_to_2025_Raw!S:S)} -> 8.02 | H22: {=XLOOKUP(E22,IPL_2020_to_2025_Raw!Q:Q,IPL_2020_to_2025_Raw!V:V)} -> 3/18
A23: 2024 | B23: 1 | C23: =IFERROR(__xludf.DUMMYFUNCTION("INDEX( SORT( FILTER({IPL_2020_to_2025_Raw!B:B, IPL_2020_to_2025_Raw!C:C,IPL_2020_to_2025_Raw!Q:Q}, IPL_2020_to_2025_Raw!A:A=A23), 3,FALSE), B23,1)"),"Harshal Patel") -> Harshal Patel | D23: =IFERROR(__xludf.DUMMYFUNCTION("INDEX( SORT( FILTER({IPL_2020_to_2025_Raw!B:B, IPL_2020_to_2025_Raw!D:D,IPL_2020_to_2025_Raw!Q:Q}, IPL_2020_to_2025_Raw!A:A=A23), 3,FALSE), B23,2)"),"PBKS") -> PBKS | E23: =IFERROR(__xludf.DUMMYFUNCTION("LARGE(FILTER(IPL_2020_to_2025_Raw!Q:Q, IPL_2020_to_2025_Raw!A:A=A23),B23)"),24.0) -> 24 | F23: {=XLOOKUP(E23,IPL_2020_to_2025_Raw!Q:Q,IPL_2020_to_2025_Raw!R:R)} -> 58 | G23: {=XLOOKUP(E23,IPL_2020_to_2025_Raw!Q:Q,IPL_2020_to_2025_Raw!S:S)} -> 7.37 | H23: {=XLOOKUP(E23,IPL_2020_to_2025_Raw!Q:Q,IPL_2020_to_2025_Raw!V:V)} -> 4/24
A24: 2024 | B24: 2 | C24: =IFERROR(__xludf.DUMMYFUNCTION("INDEX( SORT( FILTER({IPL_2020_to_2025_Raw!B:B, IPL_2020_to_2025_Raw!C:C,IPL_2020_to_2025_Raw!Q:Q}, IPL_2020_to_2025_Raw!A:A=A24), 3,FALSE), B24,1)"),"Varun Chakravarthy") -> Varun Chakravarthy | D24: =IFERROR(__xludf.DUMMYFUNCTION("INDEX( SORT( FILTER({IPL_2020_to_2025_Raw!B:B, IPL_2020_to_2025_Raw!D:D,IPL_2020_to_2025_Raw!Q:Q}, IPL_2020_to_2025_Raw!A:A=A24), 3,FALSE), B24,2)"),"KKR") -> KKR | E24: =IFERROR(__xludf.DUMMYFUNCTION("LARGE(FILTER(IPL_2020_to_2025_Raw!Q:Q, IPL_2020_to_2025_Raw!A:A=A24),B24)"),21.0) -> 21 | F24: {=XLOOKUP(E24,IPL_2020_to_2025_Raw!Q:Q,IPL_2020_to_2025_Raw!R:R)} -> 58 | G24: {=XLOOKUP(E24,IPL_2020_to_2025_Raw!Q:Q,IPL_2020_to_2025_Raw!S:S)} -> 8.02 | H24: {=XLOOKUP(E24,IPL_2020_to_2025_Raw!Q:Q,IPL_2020_to_2025_Raw!V:V)} -> 3/18
A25: 2024 | B25: 3 | C25: =IFERROR(__xludf.DUMMYFUNCTION("INDEX( SORT( FILTER({IPL_2020_to_2025_Raw!B:B, IPL_2020_to_2025_Raw!C:C,IPL_2020_to_2025_Raw!Q:Q}, IPL_2020_to_2025_Raw!A:A=A25), 3,FALSE), B25,1)"),"Andre Russell") -> Andre Russell | D25: =IFERROR(__xludf.DUMMYFUNCTION("INDEX( SORT( FILTER({IPL_2020_to_2025_Raw!B:B, IPL_2020_to_2025_Raw!D:D,IPL_2020_to_2025_Raw!Q:Q}, IPL_2020_to_2025_Raw!A:A=A25), 3,FALSE), B25,2)"),"KKR") -> KKR | E25: =IFERROR(__xludf.DUMMYFUNCTION("LARGE(FILTER(IPL_2020_to_2025_Raw!Q:Q, IPL_2020_to_2025_Raw!A:A=A25),B25)"),19.0) -> 19 | F25: {=XLOOKUP(E25,IPL_2020_to_2025_Raw!Q:Q,IPL_2020_to_2025_Raw!R:R)} -> 52 | G25: {=XLOOKUP(E25,IPL_2020_to_2025_Raw!Q:Q,IPL_2020_to_2025_Raw!S:S)} -> 8.12 | H25: {=XLOOKUP(E25,IPL_2020_to_2025_Raw!Q:Q,IPL_2020_to_2025_Raw!V:V)} -> 3/21
A26: 2024 | B26: 4 | C26: =IFERROR(__xludf.DUMMYFUNCTION("INDEX( SORT( FILTER({IPL_2020_to_2025_Raw!B:B, IPL_2020_to_2025_Raw!C:C,IPL_2020_to_2025_Raw!Q:Q}, IPL_2020_to_2025_Raw!A:A=A26), 3,FALSE), B26,1)"),"Kuldeep Yadav") -> Kuldeep Yadav | D26: =IFERROR(__xludf.DUMMYFUNCTION("INDEX( SORT( FILTER({IPL_2020_to_2025_Raw!B:B, IPL_2020_to_2025_Raw!D:D,IPL_2020_to_2025_Raw!Q:Q}, IPL_2020_to_2025_Raw!A:A=A26), 3,FALSE), B26,2)"),"DC") -> DC | E26: =IFERROR(__xludf.DUMMYFUNCTION("LARGE(FILTER(IPL_2020_to_2025_Raw!Q:Q, IPL_2020_to_2025_Raw!A:A=A26),B26)"),19.0) -> 19 | F26: {=XLOOKUP(E26,IPL_2020_to_2025_Raw!Q:Q,IPL_2020_to_2025_Raw!R:R)} -> 52 | G26: {=XLOOKUP(E26,IPL_2020_to_2025_Raw!Q:Q,IPL_2020_to_2025_Raw!S:S)} -> 8.12 | H26: {=XLOOKUP(E26,IPL_2020_to_2025_Raw!Q:Q,IPL_2020_to_2025_Raw!V:V)} -> 3/21
A27: 2024 | B27: 5 | C27: =IFERROR(__xludf.DUMMYFUNCTION("INDEX( SORT( FILTER({IPL_2020_to_2025_Raw!B:B, IPL_2020_to_2025_Raw!C:C,IPL_2020_to_2025_Raw!Q:Q}, IPL_2020_to_2025_Raw!A:A=A27), 3,FALSE), B27,1)"),"Sunil Narine") -> Sunil Narine | D27: =IFERROR(__xludf.DUMMYFUNCTION("INDEX( SORT( FILTER({IPL_2020_to_2025_Raw!B:B, IPL_2020_to_2025_Raw!D:D,IPL_2020_to_2025_Raw!Q:Q}, IPL_2020_to_2025_Raw!A:A=A27), 3,FALSE), B27,2)"),"KKR") -> KKR | E27: =IFERROR(__xludf.DUMMYFUNCTION("LARGE(FILTER(IPL_2020_to_2025_Raw!Q:Q, IPL_2020_to_2025_Raw!A:A=A27),B27)"),17.0) -> 17 | F27: {=XLOOKUP(E27,IPL_2020_to_2025_Raw!Q:Q,IPL_2020_to_2025_Raw!R:R)} -> 38 | G27: {=XLOOKUP(E27,IPL_2020_to_2025_Raw!Q:Q,IPL_2020_to_2025_Raw!S:S)} -> 9.12 | H27: {=XLOOKUP(E27,IPL_2020_to_2025_Raw!Q:Q,IPL_2020_to_2025_Raw!V:V)} -> 3/14
A28: 2025 | B28: 1 | C28: =IFERROR(__xludf.DUMMYFUNCTION("INDEX( SORT( FILTER({IPL_2020_to_2025_Raw!B:B, IPL_2020_to_2025_Raw!C:C,IPL_2020_to_2025_Raw!Q:Q}, IPL_2020_to_2025_Raw!A:A=A28), 3,FALSE), B28,1)"),"Prasidh Krishna") -> Prasidh Krishna | D28: =IFERROR(__xludf.DUMMYFUNCTION("INDEX( SORT( FILTER({IPL_2020_to_2025_Raw!B:B, IPL_2020_to_2025_Raw!D:D,IPL_2020_to_2025_Raw!Q:Q}, IPL_2020_to_2025_Raw!A:A=A28), 3,FALSE), B28,2)"),"GT") -> GT | E28: =IFERROR(__xludf.DUMMYFUNCTION("LARGE(FILTER(IPL_2020_to_2025_Raw!Q:Q, IPL_2020_to_2025_Raw!A:A=A28),B28)"),25.0) -> 25 | F28: {=XLOOKUP(E28,IPL_2020_to_2025_Raw!Q:Q,IPL_2020_to_2025_Raw!R:R)} -> 57.3 | G28: {=XLOOKUP(E28,IPL_2020_to_2025_Raw!Q:Q,IPL_2020_to_2025_Raw!S:S)} -> 7.97 | H28: {=XLOOKUP(E28,IPL_2020_to_2025_Raw!Q:Q,IPL_2020_to_2025_Raw!V:V)} -> 3/21
A29: 2025 | B29: 2 | C29: =IFERROR(__xludf.DUMMYFUNCTION("INDEX( SORT( FILTER({IPL_2020_to_2025_Raw!B:B, IPL_2020_to_2025_Raw!C:C,IPL_2020_to_2025_Raw!Q:Q}, IPL_2020_to_2025_Raw!A:A=A29), 3,FALSE), B29,1)"),"Noor Ahmad") -> Noor Ahmad | D29: =IFERROR(__xludf.DUMMYFUNCTION("INDEX( SORT( FILTER({IPL_2020_to_2025_Raw!B:B, IPL_2020_to_2025_Raw!D:D,IPL_2020_to_2025_Raw!Q:Q}, IPL_2020_to_2025_Raw!A:A=A29), 3,FALSE), B29,2)"),"CSK") -> CSK | E29: =IFERROR(__xludf.DUMMYFUNCTION("LARGE(FILTER(IPL_2020_to_2025_Raw!Q:Q, IPL_2020_to_2025_Raw!A:A=A29),B29)"),24.0) -> 24 | F29: {=XLOOKUP(E29,IPL_2020_to_2025_Raw!Q:Q,IPL_2020_to_2025_Raw!R:R)} -> 58 | G29: {=XLOOKUP(E29,IPL_2020_to_2025_Raw!Q:Q,IPL_2020_to_2025_Raw!S:S)} -> 7.37 | H29: {=XLOOKUP(E29,IPL_2020_to_2025_Raw!Q:Q,IPL_2020_to_2025_Raw!V:V)} -> 4/24
A30: 2025 | B30: 3 | C30: =IFERROR(__xludf.DUMMYFUNCTION("INDEX( SORT( FILTER({IPL_2020_to_2025_Raw!B:B, IPL_2020_to_2025_Raw!C:C,IPL_2020_to_2025_Raw!Q:Q}, IPL_2020_to_2025_Raw!A:A=A30), 3,FALSE), B30,1)"),"Josh Hazlewood") -> Josh Hazlewood | D30: =IFERROR(__xludf.DUMMYFUNCTION("INDEX( SORT( FILTER({IPL_2020_to_2025_Raw!B:B, IPL_2020_to_2025_Raw!D:D,IPL_2020_to_2025_Raw!Q:Q}, IPL_2020_to_2025_Raw!A:A=A30), 3,FALSE), B30,2)"),"RCB") -> RCB | E30: =IFERROR(__xludf.DUMMYFUNCTION("LARGE(FILTER(IPL_2020_to_2025_Raw!Q:Q, IPL_2020_to_2025_Raw!A:A=A30),B30)"),22.0) -> 22 | F30: {=XLOOKUP(E30,IPL_2020_to_2025_Raw!Q:Q,IPL_2020_to_2025_Raw!R:R)} -> 58 | G30: {=XLOOKUP(E30,IPL_2020_to_2025_Raw!Q:Q,IPL_2020_to_2025_Raw!S:S)} -> 8.37 | H30: {=XLOOKUP(E30,IPL_2020_to_2025_Raw!Q:Q,IPL_2020_to_2025_Raw!V:V)} -> 3/21
A31: 2025 | B31: 4 | C31: =IFERROR(__xludf.DUMMYFUNCTION("INDEX( SORT( FILTER({IPL_2020_to_2025_Raw!B:B, IPL_2020_to_2025_Raw!C:C,IPL_2020_to_2025_Raw!Q:Q}, IPL_2020_to_2025_Raw!A:A=A31), 3,FALSE), B31,1)"),"Kuldeep Yadav") -> Kuldeep Yadav | D31: =IFERROR(__xludf.DUMMYFUNCTION("INDEX( SORT( FILTER({IPL_2020_to_2025_Raw!B:B, IPL_2020_to_2025_Raw!D:D,IPL_2020_to_2025_Raw!Q:Q}, IPL_2020_to_2025_Raw!A:A=A31), 3,FALSE), B31,2)"),"DC") -> DC | E31: =IFERROR(__xludf.DUMMYFUNCTION("LARGE(FILTER(IPL_2020_to_2025_Raw!Q:Q, IPL_2020_to_2025_Raw!A:A=A31),B31)"),21.0) -> 21 | F31: {=XLOOKUP(E31,IPL_2020_to_2025_Raw!Q:Q,IPL_2020_to_2025_Raw!R:R)} -> 58 | G31: {=XLOOKUP(E31,IPL_2020_to_2025_Raw!Q:Q,IPL_2020_to_2025_Raw!S:S)} -> 8.02 | H31: {=XLOOKUP(E31,IPL_2020_to_2025_Raw!Q:Q,IPL_2020_to_2025_Raw!V:V)} -> 3/18
A32: 2025 | B32: 5 | C32: =IFERROR(__xludf.DUMMYFUNCTION("INDEX( SORT( FILTER({IPL_2020_to_2025_Raw!B:B, IPL_2020_to_2025_Raw!C:C,IPL_2020_to_2025_Raw!Q:Q}, IPL_2020_to_2025_Raw!A:A=A32), 3,FALSE), B32,1)"),"Trent Boult") -> Trent Boult | D32: =IFERROR(__xludf.DUMMYFUNCTION("INDEX( SORT( FILTER({IPL_2020_to_2025_Raw!B:B, IPL_2020_to_2025_Raw!D:D,IPL_2020_to_2025_Raw!Q:Q}, IPL_2020_to_2025_Raw!A:A=A32), 3,FALSE), B32,2)"),"RR") -> RR | E32: =IFERROR(__xludf.DUMMYFUNCTION("LARGE(FILTER(IPL_2020_to_2025_Raw!Q:Q, IPL_2020_to_2025_Raw!A:A=A32),B32)"),19.0) -> 19 | F32: {=XLOOKUP(E32,IPL_2020_to_2025_Raw!Q:Q,IPL_2020_to_2025_Raw!R:R)} -> 52 | G32: {=XLOOKUP(E32,IPL_2020_to_2025_Raw!Q:Q,IPL_2020_to_2025_Raw!S:S)} -> 8.12 | H32: {=XLOOKUP(E32,IPL_2020_to_2025_Raw!Q:Q,IPL_2020_to_2025_Raw!V:V)} -> 3/21
